user_id,signup_date,marketplace_side,device,acquisition_source,signup_completed,profile_completed,search_completed,listing_completed,booking_completed,payment_completed,activated,revenue,cohort_month,profile_dropoff,search_dropoff,listing_dropoff,booking_dropoff,payment_dropoff,activation_dropoff,total_funnel_activity
U10001,2025-04-13,Supply,Android,Paid Search,1,1,0,1,1,1,0,1497.0,2025-04,0,1,0,0,0,1,5
U10002,2025-06-29,Supply,Android,Referral,1,1,1,1,1,0,0,0.0,2025-06,0,0,0,0,1,0,5
U10003,2025-04-03,Supply,Web,Organic,1,1,0,1,1,0,0,0.0,2025-04,0,1,0,0,1,0,4
U10004,2025-01-15,Demand,Android,Paid Search,1,1,1,0,1,1,1,1098.0,2025-01,0,0,1,0,0,0,6
U10005,2025-04-17,Demand,Web,Organic,1,0,0,0,0,0,0,0.0,2025-04,1,0,0,0,0,0,1
U10006,2025-03-13,Demand,Android,Referral,1,1,1,0,1,1,1,4081.0,2025-03,0,0,1,0,0,0,6
U10007,2025-01-21,Supply,Ios,Organic,1,1,1,0,0,0,0,0.0,2025-01,0,0,1,0,0,0,3
U10008,2025-04-13,Supply,Web,Organic,1,1,1,0,0,0,0,0.0,2025-04,0,0,1,0,0,0,3
U10009,2025-05-02,Supply,Android,Referral,1,1,1,1,0,0,0,0.0,2025-05,0,0,0,1,0,0,4
U10010,2025-03-16,Demand,Android,Organic,1,0,0,0,0,0,0,0.0,2025-03,1,0,0,0,0,0,1
U10011,2025-03-29,Demand,Android,Partner,1,1,1,1,0,0,0,0.0,2025-03,0,0,0,1,0,0,4
U10012,2025-04-27,Supply,Android,Organic,1,1,0,0,0,0,0,0.0,2025-04,0,1,1,0,0,0,2
U10013,2025-04-10,Demand,Ios,Paid Search,1,1,1,1,1,0,0,0.0,2025-04,0,0,0,0,1,0,5
U10014,2025-04-14,Supply,Web,Organic,1,1,0,1,0,0,0,0.0,2025-04,0,1,0,1,0,0,3
U10015,2025-06-01,Demand,Android,Referral,1,1,0,1,0,0,0,0.0,2025-06,0,1,0,0,0,0,3
U10016,2025-05-11,Demand,Android,Partner,1,1,1,0,1,1,1,1946.0,2025-05,0,0,1,0,0,0,6
U10017,2025-05-30,Demand,Android,Organic,1,0,0,0,0,0,0,0.0,2025-05,1,0,0,0,0,0,1
U10018,2025-02-22,Demand,Ios,Partner,1,0,0,0,0,0,0,0.0,2025-02,1,0,0,0,0,0,1
U10019,2025-01-02,Demand,Android,Organic,1,1,1,0,1,1,1,4127.0,2025-01,0,0,1,0,0,0,6
U10020,2025-03-29,Supply,Ios,Social,1,1,1,0,0,0,0,0.0,2025-03,0,0,1,0,0,0,3
U10021,2025-06-07,Demand,Ios,Paid Search,1,0,0,0,0,0,0,0.0,2025-06,1,0,0,0,0,0,1
U10022,2025-02-07,Supply,Ios,Partner,1,1,0,0,0,0,0,0.0,2025-02,0,1,1,0,0,0,2
U10023,2025-05-10,Demand,Android,Paid Search,1,1,1,0,0,0,0,0.0,2025-05,0,0,1,1,0,0,3
U10024,2025-01-21,Demand,Ios,Paid Search,1,1,1,1,1,1,1,1771.0,2025-01,0,0,0,0,0,0,7
U10025,2025-06-10,Demand,Android,Organic,1,0,0,0,0,0,0,0.0,2025-06,1,0,0,0,0,0,1
U10026,2025-02-27,Demand,Android,Organic,1,0,0,0,0,0,0,0.0,2025-02,1,0,0,0,0,0,1
U10027,2025-01-22,Demand,Web,Partner,1,1,1,0,1,1,0,1509.0,2025-01,0,0,1,0,0,1,5
U10028,2025-03-30,Demand,Ios,Referral,1,1,0,0,0,0,0,0.0,2025-03,0,1,1,0,0,0,2
U10029,2025-02-18,Demand,Android,Referral,1,1,0,0,0,0,0,0.0,2025-02,0,1,1,0,0,0,2
U10030,2025-02-28,Supply,Android,Social,1,1,0,1,0,0,0,0.0,2025-02,0,1,0,1,0,0,3
U10031,2025-06-19,Supply,Android,Referral,1,1,1,1,0,0,0,0.0,2025-06,0,0,0,1,0,0,4
U10032,2025-01-15,Supply,Android,Partner,1,1,0,1,1,1,1,2081.0,2025-01,0,1,0,0,0,0,6
U10033,2025-06-24,Supply,Android,Social,1,1,0,1,1,1,1,3021.0,2025-06,0,1,0,0,0,0,6
U10034,2025-02-20,Demand,Android,Paid Search,1,0,0,0,0,0,0,0.0,2025-02,1,0,0,0,0,0,1
U10035,2025-04-18,Supply,Android,Partner,1,1,0,1,0,0,0,0.0,2025-04,0,1,0,1,0,0,3
U10036,2025-02-24,Demand,Ios,Organic,1,1,1,0,1,1,0,3861.0,2025-02,0,0,1,0,0,1,5
U10037,2025-03-05,Supply,Ios,Organic,1,1,0,1,0,0,0,0.0,2025-03,0,1,0,1,0,0,3
U10038,2025-05-11,Supply,Ios,Referral,1,1,0,1,1,1,1,1341.0,2025-05,0,1,0,0,0,0,6
U10039,2025-02-20,Demand,Android,Organic,1,1,1,0,0,0,0,0.0,2025-02,0,0,1,1,0,0,3
U10040,2025-05-15,Demand,Web,Social,1,0,0,0,0,0,0,0.0,2025-05,1,0,0,0,0,0,1
U10041,2025-01-21,Demand,Web,Partner,1,0,0,0,0,0,0,0.0,2025-01,1,0,0,0,0,0,1
U10042,2025-03-14,Demand,Web,Referral,1,1,0,0,0,0,0,0.0,2025-03,0,1,1,0,0,0,2
U10043,2025-06-16,Demand,Web,Referral,1,1,1,0,1,0,0,0.0,2025-06,0,0,1,0,1,0,4
U10044,2025-01-18,Supply,Web,Partner,1,0,0,0,0,0,0,0.0,2025-01,1,0,0,0,0,0,1
U10045,2025-05-12,Demand,Ios,Referral,1,1,1,0,1,0,0,0.0,2025-05,0,0,1,0,1,0,4
U10046,2025-03-30,Demand,Android,Paid Search,1,1,1,0,1,1,1,2788.0,2025-03,0,0,1,0,0,0,6
U10047,2025-03-01,Demand,Ios,Referral,1,1,1,0,1,1,1,4935.0,2025-03,0,0,1,0,0,0,6
U10048,2025-01-14,Supply,Ios,Partner,1,0,0,0,0,0,0,0.0,2025-01,1,0,0,0,0,0,1
U10049,2025-01-09,Demand,Ios,Paid Search,1,1,0,0,0,0,0,0.0,2025-01,0,1,1,0,0,0,2
U10050,2025-03-31,Supply,Ios,Social,1,1,0,1,1,1,1,3846.0,2025-03,0,1,0,0,0,0,6
U10051,2025-02-22,Supply,Android,Social,1,0,0,0,0,0,0,0.0,2025-02,1,0,0,0,0,0,1
U10052,2025-05-10,Supply,Android,Referral,1,1,1,1,0,0,0,0.0,2025-05,0,0,0,1,0,0,4
U10053,2025-03-25,Demand,Web,Referral,1,1,1,0,0,0,0,0.0,2025-03,0,0,1,1,0,0,3
U10054,2025-04-02,Demand,Ios,Social,1,1,1,0,0,0,0,0.0,2025-04,0,0,1,1,0,0,3
U10055,2025-04-21,Demand,Ios,Referral,1,0,0,0,0,0,0,0.0,2025-04,1,0,0,0,0,0,1
U10056,2025-06-21,Demand,Android,Social,1,1,1,1,1,1,1,3811.0,2025-06,0,0,0,0,0,0,7
U10057,2025-01-08,Supply,Android,Partner,1,0,0,0,0,0,0,0.0,2025-01,1,0,0,0,0,0,1
U10058,2025-06-24,Supply,Web,Paid Search,1,1,1,1,1,1,1,896.0,2025-06,0,0,0,0,0,0,7
U10059,2025-02-04,Supply,Ios,Social,1,1,0,0,0,0,0,0.0,2025-02,0,1,1,0,0,0,2
U10060,2025-03-22,Demand,Web,Social,1,0,0,0,0,0,0,0.0,2025-03,1,0,0,0,0,0,1
U10061,2025-06-13,Supply,Android,Social,1,1,0,1,1,0,0,0.0,2025-06,0,1,0,0,1,0,4
U10062,2025-02-19,Demand,Ios,Referral,1,1,0,0,0,0,0,0.0,2025-02,0,1,1,0,0,0,2
U10063,2025-04-14,Demand,Android,Organic,1,1,1,0,1,1,1,2936.0,2025-04,0,0,1,0,0,0,6
U10064,2025-05-12,Supply,Ios,Referral,1,1,1,1,1,0,0,0.0,2025-05,0,0,0,0,1,0,5
U10065,2025-01-02,Demand,Android,Paid Search,1,1,1,1,0,0,0,0.0,2025-01,0,0,0,1,0,0,4
U10066,2025-05-14,Demand,Android,Referral,1,1,1,0,1,0,0,0.0,2025-05,0,0,1,0,1,0,4
U10067,2025-02-23,Demand,Ios,Social,1,1,1,0,1,1,1,1728.0,2025-02,0,0,1,0,0,0,6
U10068,2025-04-16,Demand,Web,Referral,1,0,0,0,0,0,0,0.0,2025-04,1,0,0,0,0,0,1
U10069,2025-01-04,Supply,Android,Paid Search,1,1,1,1,1,1,1,4712.0,2025-01,0,0,0,0,0,0,7
U10070,2025-02-23,Supply,Web,Organic,1,0,0,0,0,0,0,0.0,2025-02,1,0,0,0,0,0,1
U10071,2025-05-26,Demand,Android,Social,1,1,0,0,0,0,0,0.0,2025-05,0,1,1,0,0,0,2
U10072,2025-02-13,Demand,Android,Paid Search,1,1,1,1,1,1,1,2696.0,2025-02,0,0,0,0,0,0,7
U10073,2025-06-11,Supply,Android,Organic,1,1,1,0,0,0,0,0.0,2025-06,0,0,1,0,0,0,3
U10074,2025-01-14,Demand,Android,Referral,1,1,1,1,1,0,0,0.0,2025-01,0,0,0,0,1,0,5
U10075,2025-04-05,Demand,Ios,Social,1,1,0,1,0,0,0,0.0,2025-04,0,1,0,0,0,0,3
U10076,2025-02-17,Demand,Android,Paid Search,1,1,1,0,1,0,0,0.0,2025-02,0,0,1,0,1,0,4
U10077,2025-01-15,Supply,Ios,Organic,1,0,0,0,0,0,0,0.0,2025-01,1,0,0,0,0,0,1
U10078,2025-02-09,Demand,Web,Partner,1,0,0,0,0,0,0,0.0,2025-02,1,0,0,0,0,0,1
U10079,2025-03-23,Demand,Android,Social,1,1,0,0,0,0,0,0.0,2025-03,0,1,1,0,0,0,2
U10080,2025-04-21,Supply,Ios,Partner,1,0,0,0,0,0,0,0.0,2025-04,1,0,0,0,0,0,1
U10081,2025-02-22,Supply,Android,Referral,1,1,0,1,1,1,1,1335.0,2025-02,0,1,0,0,0,0,6
U10082,2025-01-24,Demand,Ios,Referral,1,1,1,0,1,1,1,2983.0,2025-01,0,0,1,0,0,0,6
U10083,2025-06-03,Supply,Android,Partner,1,0,0,0,0,0,0,0.0,2025-06,1,0,0,0,0,0,1
U10084,2025-05-04,Demand,Android,Paid Search,1,1,1,0,1,0,0,0.0,2025-05,0,0,1,0,1,0,4
U10085,2025-02-10,Demand,Android,Social,1,1,1,0,0,0,0,0.0,2025-02,0,0,1,1,0,0,3
U10086,2025-06-06,Supply,Android,Organic,1,1,1,0,0,0,0,0.0,2025-06,0,0,1,0,0,0,3
U10087,2025-01-15,Demand,Android,Referral,1,1,1,0,0,0,0,0.0,2025-01,0,0,1,1,0,0,3
U10088,2025-02-14,Supply,Ios,Organic,1,1,1,1,1,1,0,3142.0,2025-02,0,0,0,0,0,1,6
U10089,2025-03-06,Demand,Web,Organic,1,1,1,0,1,1,1,1803.0,2025-03,0,0,1,0,0,0,6
U10090,2025-03-30,Supply,Web,Organic,1,0,0,0,0,0,0,0.0,2025-03,1,0,0,0,0,0,1
U10091,2025-03-12,Demand,Ios,Organic,1,1,1,0,1,1,0,892.0,2025-03,0,0,1,0,0,1,5
U10092,2025-01-09,Supply,Android,Partner,1,1,0,0,0,0,0,0.0,2025-01,0,1,1,0,0,0,2
U10093,2025-03-29,Supply,Android,Organic,1,1,1,1,0,0,0,0.0,2025-03,0,0,0,1,0,0,4
U10094,2025-05-09,Demand,Android,Paid Search,1,1,0,0,0,0,0,0.0,2025-05,0,1,1,0,0,0,2
U10095,2025-05-16,Supply,Android,Social,1,1,0,0,0,0,0,0.0,2025-05,0,1,1,0,0,0,2
U10096,2025-03-04,Demand,Ios,Paid Search,1,1,1,1,1,0,0,0.0,2025-03,0,0,0,0,1,0,5
U10097,2025-05-19,Supply,Ios,Organic,1,0,0,0,0,0,0,0.0,2025-05,1,0,0,0,0,0,1
U10098,2025-03-22,Demand,Android,Social,1,0,0,0,0,0,0,0.0,2025-03,1,0,0,0,0,0,1
U10099,2025-05-16,Supply,Android,Paid Search,1,1,1,0,0,0,0,0.0,2025-05,0,0,1,0,0,0,3
U10100,2025-06-12,Demand,Web,Social,1,0,0,0,0,0,0,0.0,2025-06,1,0,0,0,0,0,1
U10101,2025-06-12,Demand,Web,Social,1,1,1,1,1,1,0,651.0,2025-06,0,0,0,0,0,1,6
U10102,2025-02-02,Supply,Android,Partner,1,1,1,0,0,0,0,0.0,2025-02,0,0,1,0,0,0,3
U10103,2025-05-03,Supply,Web,Paid Search,1,1,0,1,1,1,1,4674.0,2025-05,0,1,0,0,0,0,6
U10104,2025-01-05,Supply,Web,Referral,1,1,0,1,0,0,0,0.0,2025-01,0,1,0,1,0,0,3
U10105,2025-02-10,Demand,Android,Paid Search,1,1,0,0,0,0,0,0.0,2025-02,0,1,1,0,0,0,2
U10106,2025-01-28,Supply,Android,Organic,1,1,1,1,1,0,0,0.0,2025-01,0,0,0,0,1,0,5
U10107,2025-05-15,Demand,Ios,Partner,1,1,1,0,1,1,1,1897.0,2025-05,0,0,1,0,0,0,6
U10108,2025-03-13,Supply,Web,Organic,1,0,0,0,0,0,0,0.0,2025-03,1,0,0,0,0,0,1
U10109,2025-01-12,Supply,Web,Referral,1,1,0,1,1,1,0,2508.0,2025-01,0,1,0,0,0,1,5
U10110,2025-06-11,Demand,Android,Social,1,1,1,0,1,1,1,1993.0,2025-06,0,0,1,0,0,0,6
U10111,2025-02-02,Demand,Android,Paid Search,1,1,1,0,0,0,0,0.0,2025-02,0,0,1,1,0,0,3
U10112,2025-02-17,Supply,Ios,Referral,1,1,0,1,1,1,1,2048.0,2025-02,0,1,0,0,0,0,6
U10113,2025-05-31,Supply,Ios,Referral,1,1,1,1,0,0,0,0.0,2025-05,0,0,0,1,0,0,4
U10114,2025-03-03,Supply,Android,Social,1,1,1,1,1,1,1,1920.0,2025-03,0,0,0,0,0,0,7
U10115,2025-02-06,Demand,Web,Referral,1,1,1,0,0,0,0,0.0,2025-02,0,0,1,1,0,0,3
U10116,2025-04-09,Demand,Ios,Social,1,1,1,1,1,0,0,0.0,2025-04,0,0,0,0,1,0,5
U10117,2025-06-21,Demand,Web,Organic,1,1,1,0,1,0,0,0.0,2025-06,0,0,1,0,1,0,4
U10118,2025-04-14,Demand,Web,Social,1,1,1,0,0,0,0,0.0,2025-04,0,0,1,1,0,0,3
U10119,2025-02-04,Demand,Ios,Social,1,1,1,0,1,1,1,2520.0,2025-02,0,0,1,0,0,0,6
U10120,2025-04-11,Demand,Android,Organic,1,1,1,0,1,1,0,2649.0,2025-04,0,0,1,0,0,1,5
U10121,2025-06-24,Demand,Ios,Referral,1,1,0,0,0,0,0,0.0,2025-06,0,1,1,0,0,0,2
U10122,2025-05-11,Supply,Android,Organic,1,1,0,0,0,0,0,0.0,2025-05,0,1,1,0,0,0,2
U10123,2025-01-01,Supply,Ios,Social,1,1,1,0,0,0,0,0.0,2025-01,0,0,1,0,0,0,3
U10124,2025-01-05,Supply,Android,Paid Search,1,1,1,1,0,0,0,0.0,2025-01,0,0,0,1,0,0,4
U10125,2025-05-22,Supply,Ios,Paid Search,1,1,0,1,0,0,0,0.0,2025-05,0,1,0,1,0,0,3
U10126,2025-04-13,Demand,Android,Organic,1,1,1,1,1,1,1,1855.0,2025-04,0,0,0,0,0,0,7
U10127,2025-01-27,Demand,Android,Organic,1,1,0,1,0,0,0,0.0,2025-01,0,1,0,0,0,0,3
U10128,2025-05-17,Supply,Android,Organic,1,1,1,1,1,0,0,0.0,2025-05,0,0,0,0,1,0,5
U10129,2025-01-15,Supply,Android,Referral,1,0,0,0,0,0,0,0.0,2025-01,1,0,0,0,0,0,1
U10130,2025-03-31,Demand,Ios,Paid Search,1,0,0,0,0,0,0,0.0,2025-03,1,0,0,0,0,0,1
U10131,2025-02-11,Demand,Ios,Social,1,1,1,0,1,1,1,1334.0,2025-02,0,0,1,0,0,0,6
U10132,2025-05-04,Supply,Ios,Paid Search,1,1,1,1,1,0,0,0.0,2025-05,0,0,0,0,1,0,5
U10133,2025-06-28,Demand,Android,Referral,1,1,1,0,1,1,1,3616.0,2025-06,0,0,1,0,0,0,6
U10134,2025-03-04,Supply,Android,Partner,1,0,0,0,0,0,0,0.0,2025-03,1,0,0,0,0,0,1
U10135,2025-04-06,Supply,Android,Social,1,0,0,0,0,0,0,0.0,2025-04,1,0,0,0,0,0,1
U10136,2025-02-21,Demand,Android,Partner,1,1,1,0,0,0,0,0.0,2025-02,0,0,1,1,0,0,3
U10137,2025-04-06,Demand,Web,Paid Search,1,0,0,0,0,0,0,0.0,2025-04,1,0,0,0,0,0,1
U10138,2025-05-12,Supply,Android,Organic,1,1,0,1,1,1,1,3465.0,2025-05,0,1,0,0,0,0,6
U10139,2025-05-31,Demand,Android,Organic,1,1,0,1,0,0,0,0.0,2025-05,0,1,0,0,0,0,3
U10140,2025-05-23,Demand,Android,Social,1,1,1,0,1,1,1,1102.0,2025-05,0,0,1,0,0,0,6
U10141,2025-06-20,Demand,Android,Organic,1,1,1,1,1,1,1,1565.0,2025-06,0,0,0,0,0,0,7
U10142,2025-01-29,Demand,Ios,Referral,1,0,0,0,0,0,0,0.0,2025-01,1,0,0,0,0,0,1
U10143,2025-02-05,Demand,Ios,Paid Search,1,1,1,0,0,0,0,0.0,2025-02,0,0,1,1,0,0,3
U10144,2025-01-13,Demand,Android,Paid Search,1,1,1,0,1,0,0,0.0,2025-01,0,0,1,0,1,0,4
U10145,2025-06-09,Demand,Android,Paid Search,1,0,0,0,0,0,0,0.0,2025-06,1,0,0,0,0,0,1
U10146,2025-03-12,Supply,Android,Organic,1,0,0,0,0,0,0,0.0,2025-03,1,0,0,0,0,0,1
U10147,2025-03-27,Supply,Android,Referral,1,1,1,1,0,0,0,0.0,2025-03,0,0,0,1,0,0,4
U10148,2025-01-28,Supply,Android,Paid Search,1,1,1,1,0,0,0,0.0,2025-01,0,0,0,1,0,0,4
U10149,2025-03-07,Demand,Web,Partner,1,1,1,0,0,0,0,0.0,2025-03,0,0,1,1,0,0,3
U10150,2025-06-19,Supply,Ios,Social,1,1,1,1,1,1,0,3864.0,2025-06,0,0,0,0,0,1,6
U10151,2025-02-14,Demand,Ios,Partner,1,0,0,0,0,0,0,0.0,2025-02,1,0,0,0,0,0,1
U10152,2025-03-03,Demand,Android,Social,1,0,0,0,0,0,0,0.0,2025-03,1,0,0,0,0,0,1
U10153,2025-05-14,Supply,Android,Paid Search,1,1,0,0,0,0,0,0.0,2025-05,0,1,1,0,0,0,2
U10154,2025-01-28,Demand,Ios,Organic,1,1,1,1,0,0,0,0.0,2025-01,0,0,0,1,0,0,4
U10155,2025-01-28,Supply,Ios,Paid Search,1,1,0,0,0,0,0,0.0,2025-01,0,1,1,0,0,0,2
U10156,2025-04-18,Demand,Ios,Paid Search,1,0,0,0,0,0,0,0.0,2025-04,1,0,0,0,0,0,1
U10157,2025-02-13,Supply,Android,Paid Search,1,1,0,1,1,1,1,3274.0,2025-02,0,1,0,0,0,0,6
U10158,2025-03-25,Demand,Ios,Paid Search,1,1,1,0,1,1,1,2309.0,2025-03,0,0,1,0,0,0,6
U10159,2025-01-30,Demand,Android,Paid Search,1,1,1,0,1,1,1,3269.0,2025-01,0,0,1,0,0,0,6
U10160,2025-03-16,Demand,Web,Referral,1,1,1,0,1,0,0,0.0,2025-03,0,0,1,0,1,0,4
U10161,2025-05-08,Demand,Ios,Paid Search,1,1,1,1,0,0,0,0.0,2025-05,0,0,0,1,0,0,4
U10162,2025-04-02,Demand,Ios,Organic,1,1,1,0,0,0,0,0.0,2025-04,0,0,1,1,0,0,3
U10163,2025-05-09,Demand,Android,Social,1,0,0,0,0,0,0,0.0,2025-05,1,0,0,0,0,0,1
U10164,2025-05-01,Demand,Ios,Organic,1,0,0,0,0,0,0,0.0,2025-05,1,0,0,0,0,0,1
U10165,2025-01-27,Demand,Android,Organic,1,1,1,1,1,1,0,3733.0,2025-01,0,0,0,0,0,1,6
U10166,2025-05-01,Supply,Android,Referral,1,1,0,0,0,0,0,0.0,2025-05,0,1,1,0,0,0,2
U10167,2025-04-26,Demand,Android,Paid Search,1,1,1,0,1,0,0,0.0,2025-04,0,0,1,0,1,0,4
U10168,2025-01-03,Demand,Ios,Referral,1,1,1,0,1,1,1,3439.0,2025-01,0,0,1,0,0,0,6
U10169,2025-04-13,Demand,Android,Organic,1,1,1,0,1,0,0,0.0,2025-04,0,0,1,0,1,0,4
U10170,2025-06-04,Supply,Android,Paid Search,1,0,0,0,0,0,0,0.0,2025-06,1,0,0,0,0,0,1
U10171,2025-05-17,Demand,Web,Referral,1,1,0,0,0,0,0,0.0,2025-05,0,1,1,0,0,0,2
U10172,2025-03-03,Supply,Android,Partner,1,1,0,1,0,0,0,0.0,2025-03,0,1,0,1,0,0,3
U10173,2025-06-14,Demand,Ios,Partner,1,0,0,0,0,0,0,0.0,2025-06,1,0,0,0,0,0,1
U10174,2025-02-20,Supply,Android,Paid Search,1,0,0,0,0,0,0,0.0,2025-02,1,0,0,0,0,0,1
U10175,2025-06-21,Demand,Android,Referral,1,1,1,1,1,1,1,4249.0,2025-06,0,0,0,0,0,0,7
U10176,2025-06-01,Demand,Web,Social,1,1,1,0,0,0,0,0.0,2025-06,0,0,1,1,0,0,3
U10177,2025-02-28,Supply,Android,Organic,1,1,1,1,1,0,0,0.0,2025-02,0,0,0,0,1,0,5
U10178,2025-04-28,Demand,Android,Referral,1,1,1,0,1,0,0,0.0,2025-04,0,0,1,0,1,0,4
U10179,2025-06-09,Supply,Ios,Referral,1,1,0,1,1,1,0,1878.0,2025-06,0,1,0,0,0,1,5
U10180,2025-04-06,Demand,Ios,Partner,1,1,1,0,1,0,0,0.0,2025-04,0,0,1,0,1,0,4
U10181,2025-06-29,Demand,Ios,Organic,1,0,0,0,0,0,0,0.0,2025-06,1,0,0,0,0,0,1
U10182,2025-04-23,Demand,Android,Paid Search,1,1,0,0,0,0,0,0.0,2025-04,0,1,1,0,0,0,2
U10183,2025-03-03,Demand,Android,Social,1,1,1,1,1,1,1,1349.0,2025-03,0,0,0,0,0,0,7
U10184,2025-02-21,Demand,Ios,Paid Search,1,1,1,0,0,0,0,0.0,2025-02,0,0,1,1,0,0,3
U10185,2025-01-12,Supply,Ios,Organic,1,1,0,1,0,0,0,0.0,2025-01,0,1,0,1,0,0,3
U10186,2025-02-08,Supply,Web,Partner,1,0,0,0,0,0,0,0.0,2025-02,1,0,0,0,0,0,1
U10187,2025-05-10,Demand,Web,Paid Search,1,1,1,0,1,1,0,2308.0,2025-05,0,0,1,0,0,1,5
U10188,2025-05-11,Demand,Web,Paid Search,1,1,1,0,0,0,0,0.0,2025-05,0,0,1,1,0,0,3
U10189,2025-04-23,Demand,Ios,Organic,1,1,1,0,1,1,1,1216.0,2025-04,0,0,1,0,0,0,6
U10190,2025-04-11,Demand,Android,Paid Search,1,1,1,0,0,0,0,0.0,2025-04,0,0,1,1,0,0,3
U10191,2025-04-23,Supply,Web,Referral,1,1,0,1,1,1,1,1676.0,2025-04,0,1,0,0,0,0,6
U10192,2025-03-22,Demand,Android,Organic,1,1,1,0,1,1,1,4253.0,2025-03,0,0,1,0,0,0,6
U10193,2025-04-23,Supply,Android,Organic,1,1,1,1,0,0,0,0.0,2025-04,0,0,0,1,0,0,4
U10194,2025-01-02,Demand,Web,Social,1,1,1,0,1,0,0,0.0,2025-01,0,0,1,0,1,0,4
U10195,2025-05-10,Supply,Web,Organic,1,1,1,1,1,1,1,3892.0,2025-05,0,0,0,0,0,0,7
U10196,2025-02-23,Supply,Android,Organic,1,0,0,0,0,0,0,0.0,2025-02,1,0,0,0,0,0,1
U10197,2025-03-28,Supply,Android,Paid Search,1,0,0,0,0,0,0,0.0,2025-03,1,0,0,0,0,0,1
U10198,2025-05-09,Supply,Android,Social,1,1,0,1,0,0,0,0.0,2025-05,0,1,0,1,0,0,3
U10199,2025-05-27,Demand,Web,Organic,1,1,1,1,1,1,1,1849.0,2025-05,0,0,0,0,0,0,7
U10200,2025-05-06,Supply,Web,Paid Search,1,1,0,1,1,1,1,3486.0,2025-05,0,1,0,0,0,0,6
U10201,2025-05-10,Supply,Android,Organic,1,1,0,1,1,1,0,3830.0,2025-05,0,1,0,0,0,1,5
U10202,2025-02-22,Supply,Android,Organic,1,1,0,1,1,0,0,0.0,2025-02,0,1,0,0,1,0,4
U10203,2025-06-21,Supply,Web,Organic,1,0,0,0,0,0,0,0.0,2025-06,1,0,0,0,0,0,1
U10204,2025-06-09,Supply,Android,Social,1,0,0,0,0,0,0,0.0,2025-06,1,0,0,0,0,0,1
U10205,2025-06-09,Supply,Ios,Organic,1,1,0,1,1,0,0,0.0,2025-06,0,1,0,0,1,0,4
U10206,2025-03-09,Demand,Web,Organic,1,1,1,0,1,1,1,1221.0,2025-03,0,0,1,0,0,0,6
U10207,2025-05-03,Demand,Android,Referral,1,0,0,0,0,0,0,0.0,2025-05,1,0,0,0,0,0,1
U10208,2025-05-25,Demand,Ios,Social,1,0,0,0,0,0,0,0.0,2025-05,1,0,0,0,0,0,1
U10209,2025-02-07,Demand,Android,Organic,1,1,1,0,1,0,0,0.0,2025-02,0,0,1,0,1,0,4
U10210,2025-01-24,Supply,Android,Referral,1,1,0,1,1,1,1,1383.0,2025-01,0,1,0,0,0,0,6
U10211,2025-03-10,Demand,Web,Organic,1,1,1,0,1,0,0,0.0,2025-03,0,0,1,0,1,0,4
U10212,2025-04-26,Demand,Android,Referral,1,1,0,0,0,0,0,0.0,2025-04,0,1,1,0,0,0,2
U10213,2025-04-08,Demand,Web,Paid Search,1,1,0,0,0,0,0,0.0,2025-04,0,1,1,0,0,0,2
U10214,2025-05-19,Supply,Ios,Paid Search,1,1,0,0,0,0,0,0.0,2025-05,0,1,1,0,0,0,2
U10215,2025-05-24,Supply,Android,Referral,1,1,0,1,0,0,0,0.0,2025-05,0,1,0,1,0,0,3
U10216,2025-04-07,Supply,Android,Referral,1,1,0,0,0,0,0,0.0,2025-04,0,1,1,0,0,0,2
U10217,2025-05-04,Supply,Android,Organic,1,1,0,1,1,1,1,2521.0,2025-05,0,1,0,0,0,0,6
U10218,2025-03-11,Demand,Android,Referral,1,1,1,0,1,1,0,2247.0,2025-03,0,0,1,0,0,1,5
U10219,2025-04-03,Demand,Android,Organic,1,0,0,0,0,0,0,0.0,2025-04,1,0,0,0,0,0,1
U10220,2025-01-03,Demand,Android,Social,1,0,0,0,0,0,0,0.0,2025-01,1,0,0,0,0,0,1
U10221,2025-05-28,Demand,Android,Partner,1,1,1,0,0,0,0,0.0,2025-05,0,0,1,1,0,0,3
U10222,2025-06-13,Demand,Ios,Partner,1,1,1,0,1,0,0,0.0,2025-06,0,0,1,0,1,0,4
U10223,2025-05-27,Demand,Ios,Social,1,0,0,0,0,0,0,0.0,2025-05,1,0,0,0,0,0,1
U10224,2025-03-31,Demand,Ios,Paid Search,1,1,1,0,1,1,1,1554.0,2025-03,0,0,1,0,0,0,6
U10225,2025-05-27,Supply,Android,Social,1,1,0,1,1,1,1,4430.0,2025-05,0,1,0,0,0,0,6
U10226,2025-05-28,Supply,Android,Referral,1,1,1,1,0,0,0,0.0,2025-05,0,0,0,1,0,0,4
U10227,2025-04-06,Supply,Ios,Paid Search,1,1,1,1,1,1,1,3953.0,2025-04,0,0,0,0,0,0,7
U10228,2025-02-21,Demand,Ios,Referral,1,1,1,0,1,1,1,3016.0,2025-02,0,0,1,0,0,0,6
U10229,2025-06-10,Demand,Android,Paid Search,1,0,0,0,0,0,0,0.0,2025-06,1,0,0,0,0,0,1
U10230,2025-06-17,Supply,Web,Social,1,1,1,0,0,0,0,0.0,2025-06,0,0,1,0,0,0,3
U10231,2025-05-08,Demand,Ios,Referral,1,1,1,0,0,0,0,0.0,2025-05,0,0,1,1,0,0,3
U10232,2025-02-08,Supply,Ios,Referral,1,0,0,0,0,0,0,0.0,2025-02,1,0,0,0,0,0,1
U10233,2025-03-23,Demand,Android,Partner,1,1,1,0,0,0,0,0.0,2025-03,0,0,1,1,0,0,3
U10234,2025-04-14,Supply,Ios,Organic,1,1,0,0,0,0,0,0.0,2025-04,0,1,1,0,0,0,2
U10235,2025-05-09,Supply,Ios,Paid Search,1,1,0,1,0,0,0,0.0,2025-05,0,1,0,1,0,0,3
U10236,2025-01-11,Demand,Web,Partner,1,1,0,0,0,0,0,0.0,2025-01,0,1,1,0,0,0,2
U10237,2025-06-27,Supply,Ios,Paid Search,1,1,1,0,0,0,0,0.0,2025-06,0,0,1,0,0,0,3
U10238,2025-05-31,Supply,Web,Paid Search,1,1,0,1,0,0,0,0.0,2025-05,0,1,0,1,0,0,3
U10239,2025-06-08,Supply,Ios,Organic,1,1,0,1,1,1,0,2787.0,2025-06,0,1,0,0,0,1,5
U10240,2025-02-11,Demand,Android,Referral,1,1,1,1,0,0,0,0.0,2025-02,0,0,0,1,0,0,4
U10241,2025-04-09,Demand,Ios,Social,1,1,1,0,1,1,1,2202.0,2025-04,0,0,1,0,0,0,6
U10242,2025-01-07,Supply,Ios,Paid Search,1,1,0,0,0,0,0,0.0,2025-01,0,1,1,0,0,0,2
U10243,2025-05-24,Demand,Ios,Paid Search,1,1,1,0,0,0,0,0.0,2025-05,0,0,1,1,0,0,3
U10244,2025-03-31,Demand,Android,Organic,1,1,1,1,0,0,0,0.0,2025-03,0,0,0,1,0,0,4
U10245,2025-04-22,Supply,Android,Organic,1,1,0,1,0,0,0,0.0,2025-04,0,1,0,1,0,0,3
U10246,2025-03-01,Supply,Web,Partner,1,0,0,0,0,0,0,0.0,2025-03,1,0,0,0,0,0,1
U10247,2025-04-23,Supply,Ios,Referral,1,1,1,1,1,1,1,4377.0,2025-04,0,0,0,0,0,0,7
U10248,2025-01-02,Supply,Web,Paid Search,1,1,0,1,1,1,1,2411.0,2025-01,0,1,0,0,0,0,6
U10249,2025-05-09,Demand,Ios,Organic,1,1,1,0,1,1,1,2836.0,2025-05,0,0,1,0,0,0,6
U10250,2025-02-17,Supply,Ios,Paid Search,1,1,0,1,0,0,0,0.0,2025-02,0,1,0,1,0,0,3
U10251,2025-05-20,Demand,Ios,Partner,1,1,1,0,1,1,1,1908.0,2025-05,0,0,1,0,0,0,6
U10252,2025-02-06,Demand,Web,Paid Search,1,0,0,0,0,0,0,0.0,2025-02,1,0,0,0,0,0,1
U10253,2025-06-09,Supply,Ios,Organic,1,0,0,0,0,0,0,0.0,2025-06,1,0,0,0,0,0,1
U10254,2025-01-09,Demand,Ios,Paid Search,1,1,1,0,1,1,1,3932.0,2025-01,0,0,1,0,0,0,6
U10255,2025-04-09,Supply,Android,Social,1,1,0,0,0,0,0,0.0,2025-04,0,1,1,0,0,0,2
U10256,2025-05-27,Demand,Android,Referral,1,1,1,1,1,1,1,2544.0,2025-05,0,0,0,0,0,0,7
U10257,2025-02-17,Demand,Ios,Social,1,1,1,0,0,0,0,0.0,2025-02,0,0,1,1,0,0,3
U10258,2025-05-11,Demand,Android,Paid Search,1,1,1,1,1,1,1,1193.0,2025-05,0,0,0,0,0,0,7
U10259,2025-05-28,Demand,Android,Partner,1,1,1,1,0,0,0,0.0,2025-05,0,0,0,1,0,0,4
U10260,2025-06-01,Supply,Android,Paid Search,1,0,0,0,0,0,0,0.0,2025-06,1,0,0,0,0,0,1
U10261,2025-02-23,Demand,Android,Organic,1,1,1,0,1,1,1,2583.0,2025-02,0,0,1,0,0,0,6
U10262,2025-04-30,Demand,Android,Referral,1,1,1,0,0,0,0,0.0,2025-04,0,0,1,1,0,0,3
U10263,2025-06-10,Demand,Android,Organic,1,1,1,0,0,0,0,0.0,2025-06,0,0,1,1,0,0,3
U10264,2025-06-01,Demand,Web,Partner,1,1,1,0,1,1,1,2471.0,2025-06,0,0,1,0,0,0,6
U10265,2025-04-26,Demand,Ios,Social,1,1,1,0,1,1,1,633.0,2025-04,0,0,1,0,0,0,6
U10266,2025-03-16,Supply,Android,Paid Search,1,1,1,0,0,0,0,0.0,2025-03,0,0,1,0,0,0,3
U10267,2025-04-23,Supply,Android,Referral,1,1,1,1,1,0,0,0.0,2025-04,0,0,0,0,1,0,5
U10268,2025-06-13,Demand,Ios,Organic,1,1,1,0,0,0,0,0.0,2025-06,0,0,1,1,0,0,3
U10269,2025-06-15,Supply,Android,Social,1,1,0,0,0,0,0,0.0,2025-06,0,1,1,0,0,0,2
U10270,2025-04-14,Demand,Web,Referral,1,1,1,0,1,0,0,0.0,2025-04,0,0,1,0,1,0,4
U10271,2025-03-25,Demand,Ios,Organic,1,0,0,0,0,0,0,0.0,2025-03,1,0,0,0,0,0,1
U10272,2025-04-22,Supply,Web,Paid Search,1,1,0,1,0,0,0,0.0,2025-04,0,1,0,1,0,0,3
U10273,2025-04-09,Supply,Android,Organic,1,1,1,0,0,0,0,0.0,2025-04,0,0,1,0,0,0,3
U10274,2025-06-02,Demand,Ios,Referral,1,0,0,0,0,0,0,0.0,2025-06,1,0,0,0,0,0,1
U10275,2025-04-03,Supply,Android,Referral,1,1,1,1,1,1,1,2350.0,2025-04,0,0,0,0,0,0,7
U10276,2025-05-26,Demand,Web,Organic,1,1,1,0,1,1,1,1234.0,2025-05,0,0,1,0,0,0,6
U10277,2025-05-08,Supply,Ios,Partner,1,1,1,1,1,1,1,2953.0,2025-05,0,0,0,0,0,0,7
U10278,2025-04-20,Demand,Android,Organic,1,0,0,0,0,0,0,0.0,2025-04,1,0,0,0,0,0,1
U10279,2025-03-23,Supply,Android,Organic,1,1,0,1,1,0,0,0.0,2025-03,0,1,0,0,1,0,4
U10280,2025-02-23,Demand,Android,Organic,1,1,1,1,1,1,1,2815.0,2025-02,0,0,0,0,0,0,7
U10281,2025-06-12,Demand,Ios,Social,1,1,1,0,0,0,0,0.0,2025-06,0,0,1,1,0,0,3
U10282,2025-06-18,Demand,Android,Referral,1,1,1,0,1,0,0,0.0,2025-06,0,0,1,0,1,0,4
U10283,2025-06-10,Supply,Ios,Paid Search,1,1,0,0,0,0,0,0.0,2025-06,0,1,1,0,0,0,2
U10284,2025-03-09,Demand,Android,Organic,1,1,1,0,1,1,0,3819.0,2025-03,0,0,1,0,0,1,5
U10285,2025-02-02,Demand,Ios,Organic,1,1,1,0,1,0,0,0.0,2025-02,0,0,1,0,1,0,4
U10286,2025-05-22,Supply,Web,Referral,1,1,1,0,0,0,0,0.0,2025-05,0,0,1,0,0,0,3
U10287,2025-01-21,Supply,Ios,Social,1,1,0,0,0,0,0,0.0,2025-01,0,1,1,0,0,0,2
U10288,2025-02-17,Supply,Ios,Partner,1,1,1,0,0,0,0,0.0,2025-02,0,0,1,0,0,0,3
U10289,2025-05-28,Demand,Android,Organic,1,0,0,0,0,0,0,0.0,2025-05,1,0,0,0,0,0,1
U10290,2025-05-08,Demand,Android,Paid Search,1,1,1,0,1,1,1,3862.0,2025-05,0,0,1,0,0,0,6
U10291,2025-05-16,Demand,Ios,Partner,1,1,1,1,0,0,0,0.0,2025-05,0,0,0,1,0,0,4
U10292,2025-05-15,Supply,Android,Referral,1,1,0,1,1,1,1,2279.0,2025-05,0,1,0,0,0,0,6
U10293,2025-05-25,Supply,Android,Social,1,1,1,0,0,0,0,0.0,2025-05,0,0,1,0,0,0,3
U10294,2025-05-08,Demand,Android,Organic,1,0,0,0,0,0,0,0.0,2025-05,1,0,0,0,0,0,1
U10295,2025-02-02,Demand,Android,Partner,1,0,0,0,0,0,0,0.0,2025-02,1,0,0,0,0,0,1
U10296,2025-06-25,Demand,Android,Social,1,0,0,0,0,0,0,0.0,2025-06,1,0,0,0,0,0,1
U10297,2025-04-25,Supply,Web,Partner,1,1,0,1,1,1,1,4760.0,2025-04,0,1,0,0,0,0,6
U10298,2025-04-29,Demand,Android,Paid Search,1,1,1,0,0,0,0,0.0,2025-04,0,0,1,1,0,0,3
U10299,2025-01-22,Supply,Ios,Referral,1,1,1,0,0,0,0,0.0,2025-01,0,0,1,0,0,0,3
U10300,2025-06-07,Supply,Android,Partner,1,1,0,0,0,0,0,0.0,2025-06,0,1,1,0,0,0,2
U10301,2025-02-07,Demand,Ios,Organic,1,1,1,0,1,1,1,3364.0,2025-02,0,0,1,0,0,0,6
U10302,2025-04-19,Demand,Android,Referral,1,0,0,0,0,0,0,0.0,2025-04,1,0,0,0,0,0,1
U10303,2025-02-20,Demand,Web,Social,1,1,1,0,0,0,0,0.0,2025-02,0,0,1,1,0,0,3
U10304,2025-01-08,Supply,Web,Social,1,1,0,1,0,0,0,0.0,2025-01,0,1,0,1,0,0,3
U10305,2025-01-27,Supply,Android,Partner,1,1,1,1,0,0,0,0.0,2025-01,0,0,0,1,0,0,4
U10306,2025-01-27,Demand,Web,Organic,1,0,0,0,0,0,0,0.0,2025-01,1,0,0,0,0,0,1
U10307,2025-01-21,Demand,Web,Social,1,1,1,0,1,1,1,2338.0,2025-01,0,0,1,0,0,0,6
U10308,2025-01-30,Supply,Web,Social,1,1,0,1,0,0,0,0.0,2025-01,0,1,0,1,0,0,3
U10309,2025-04-07,Supply,Web,Organic,1,0,0,0,0,0,0,0.0,2025-04,1,0,0,0,0,0,1
U10310,2025-01-28,Supply,Android,Referral,1,1,0,1,1,1,1,762.0,2025-01,0,1,0,0,0,0,6
U10311,2025-04-21,Demand,Ios,Referral,1,1,1,0,1,1,0,1160.0,2025-04,0,0,1,0,0,1,5
U10312,2025-03-02,Supply,Android,Referral,1,1,1,1,0,0,0,0.0,2025-03,0,0,0,1,0,0,4
U10313,2025-02-17,Supply,Android,Partner,1,1,0,1,1,0,0,0.0,2025-02,0,1,0,0,1,0,4
U10314,2025-05-27,Supply,Web,Paid Search,1,1,0,1,1,0,0,0.0,2025-05,0,1,0,0,1,0,4
U10315,2025-01-04,Supply,Android,Social,1,1,1,0,0,0,0,0.0,2025-01,0,0,1,0,0,0,3
U10316,2025-02-04,Supply,Ios,Partner,1,1,1,1,0,0,0,0.0,2025-02,0,0,0,1,0,0,4
U10317,2025-02-18,Demand,Web,Referral,1,1,0,0,0,0,0,0.0,2025-02,0,1,1,0,0,0,2
U10318,2025-01-17,Supply,Web,Social,1,1,0,1,1,1,1,1315.0,2025-01,0,1,0,0,0,0,6
U10319,2025-06-21,Demand,Web,Referral,1,1,1,1,1,0,0,0.0,2025-06,0,0,0,0,1,0,5
U10320,2025-06-07,Supply,Android,Social,1,1,0,0,0,0,0,0.0,2025-06,0,1,1,0,0,0,2
U10321,2025-02-15,Demand,Android,Organic,1,1,1,1,0,0,0,0.0,2025-02,0,0,0,1,0,0,4
U10322,2025-04-27,Demand,Android,Partner,1,1,1,0,0,0,0,0.0,2025-04,0,0,1,1,0,0,3
U10323,2025-01-06,Demand,Android,Organic,1,0,0,0,0,0,0,0.0,2025-01,1,0,0,0,0,0,1
U10324,2025-04-09,Demand,Android,Referral,1,1,0,0,0,0,0,0.0,2025-04,0,1,1,0,0,0,2
U10325,2025-05-04,Supply,Android,Social,1,1,0,1,0,0,0,0.0,2025-05,0,1,0,1,0,0,3
U10326,2025-02-06,Supply,Web,Referral,1,1,1,1,1,1,1,1504.0,2025-02,0,0,0,0,0,0,7
U10327,2025-01-24,Demand,Ios,Paid Search,1,0,0,0,0,0,0,0.0,2025-01,1,0,0,0,0,0,1
U10328,2025-04-03,Demand,Android,Referral,1,1,1,1,1,1,0,2525.0,2025-04,0,0,0,0,0,1,6
U10329,2025-02-15,Demand,Ios,Social,1,1,1,1,1,1,1,3633.0,2025-02,0,0,0,0,0,0,7
U10330,2025-04-05,Demand,Android,Organic,1,1,1,0,0,0,0,0.0,2025-04,0,0,1,1,0,0,3
U10331,2025-04-09,Demand,Android,Organic,1,1,1,0,1,1,0,4721.0,2025-04,0,0,1,0,0,1,5
U10332,2025-04-26,Demand,Ios,Referral,1,1,1,0,0,0,0,0.0,2025-04,0,0,1,1,0,0,3
U10333,2025-06-09,Supply,Ios,Referral,1,1,1,1,1,0,0,0.0,2025-06,0,0,0,0,1,0,5
U10334,2025-06-10,Demand,Ios,Organic,1,0,0,0,0,0,0,0.0,2025-06,1,0,0,0,0,0,1
U10335,2025-03-08,Demand,Android,Referral,1,1,1,1,1,1,1,2104.0,2025-03,0,0,0,0,0,0,7
U10336,2025-05-08,Supply,Web,Referral,1,1,1,0,0,0,0,0.0,2025-05,0,0,1,0,0,0,3
U10337,2025-01-18,Demand,Ios,Organic,1,1,1,0,0,0,0,0.0,2025-01,0,0,1,1,0,0,3
U10338,2025-01-25,Supply,Ios,Paid Search,1,1,1,0,0,0,0,0.0,2025-01,0,0,1,0,0,0,3
U10339,2025-02-23,Demand,Ios,Partner,1,0,0,0,0,0,0,0.0,2025-02,1,0,0,0,0,0,1
U10340,2025-02-27,Supply,Web,Organic,1,1,0,1,1,1,1,2849.0,2025-02,0,1,0,0,0,0,6
U10341,2025-03-08,Demand,Ios,Paid Search,1,1,1,0,0,0,0,0.0,2025-03,0,0,1,1,0,0,3
U10342,2025-04-14,Demand,Ios,Paid Search,1,1,1,0,0,0,0,0.0,2025-04,0,0,1,1,0,0,3
U10343,2025-06-23,Supply,Web,Referral,1,1,0,0,0,0,0,0.0,2025-06,0,1,1,0,0,0,2
U10344,2025-01-24,Demand,Ios,Social,1,1,1,0,0,0,0,0.0,2025-01,0,0,1,1,0,0,3
U10345,2025-04-24,Demand,Android,Referral,1,1,1,0,1,0,0,0.0,2025-04,0,0,1,0,1,0,4
U10346,2025-02-01,Demand,Ios,Paid Search,1,1,0,0,0,0,0,0.0,2025-02,0,1,1,0,0,0,2
U10347,2025-06-24,Supply,Android,Organic,1,1,0,0,0,0,0,0.0,2025-06,0,1,1,0,0,0,2
U10348,2025-03-27,Supply,Android,Paid Search,1,1,0,1,1,0,0,0.0,2025-03,0,1,0,0,1,0,4
U10349,2025-05-31,Supply,Ios,Paid Search,1,1,1,0,0,0,0,0.0,2025-05,0,0,1,0,0,0,3
U10350,2025-05-07,Demand,Web,Organic,1,1,0,0,0,0,0,0.0,2025-05,0,1,1,0,0,0,2
U10351,2025-06-04,Demand,Web,Referral,1,1,1,0,1,1,1,4942.0,2025-06,0,0,1,0,0,0,6
U10352,2025-05-10,Demand,Android,Partner,1,1,1,0,0,0,0,0.0,2025-05,0,0,1,1,0,0,3
U10353,2025-01-17,Demand,Ios,Referral,1,1,0,1,0,0,0,0.0,2025-01,0,1,0,0,0,0,3
U10354,2025-04-14,Demand,Android,Paid Search,1,1,1,0,0,0,0,0.0,2025-04,0,0,1,1,0,0,3
U10355,2025-06-10,Demand,Web,Partner,1,1,0,1,0,0,0,0.0,2025-06,0,1,0,0,0,0,3
U10356,2025-05-17,Supply,Web,Social,1,0,0,0,0,0,0,0.0,2025-05,1,0,0,0,0,0,1
U10357,2025-02-12,Demand,Ios,Paid Search,1,1,1,0,1,1,1,556.0,2025-02,0,0,1,0,0,0,6
U10358,2025-06-25,Supply,Web,Social,1,1,1,0,0,0,0,0.0,2025-06,0,0,1,0,0,0,3
U10359,2025-02-08,Demand,Ios,Social,1,1,1,1,0,0,0,0.0,2025-02,0,0,0,1,0,0,4
U10360,2025-06-19,Demand,Ios,Referral,1,1,1,1,0,0,0,0.0,2025-06,0,0,0,1,0,0,4
U10361,2025-01-26,Demand,Android,Referral,1,1,1,0,1,0,0,0.0,2025-01,0,0,1,0,1,0,4
U10362,2025-04-09,Supply,Android,Referral,1,0,0,0,0,0,0,0.0,2025-04,1,0,0,0,0,0,1
U10363,2025-02-19,Supply,Ios,Partner,1,1,0,0,0,0,0,0.0,2025-02,0,1,1,0,0,0,2
U10364,2025-06-02,Supply,Ios,Paid Search,1,0,0,0,0,0,0,0.0,2025-06,1,0,0,0,0,0,1
U10365,2025-06-01,Supply,Android,Organic,1,1,1,1,0,0,0,0.0,2025-06,0,0,0,1,0,0,4
U10366,2025-01-13,Supply,Web,Social,1,1,0,1,1,0,0,0.0,2025-01,0,1,0,0,1,0,4
U10367,2025-03-01,Demand,Android,Paid Search,1,1,1,1,1,0,0,0.0,2025-03,0,0,0,0,1,0,5
U10368,2025-05-15,Demand,Ios,Organic,1,0,0,0,0,0,0,0.0,2025-05,1,0,0,0,0,0,1
U10369,2025-02-26,Supply,Ios,Paid Search,1,1,0,1,1,0,0,0.0,2025-02,0,1,0,0,1,0,4
U10370,2025-02-05,Supply,Ios,Referral,1,0,0,0,0,0,0,0.0,2025-02,1,0,0,0,0,0,1
U10371,2025-06-22,Supply,Ios,Social,1,0,0,0,0,0,0,0.0,2025-06,1,0,0,0,0,0,1
U10372,2025-01-20,Demand,Android,Organic,1,0,0,0,0,0,0,0.0,2025-01,1,0,0,0,0,0,1
U10373,2025-03-06,Demand,Android,Social,1,1,1,0,0,0,0,0.0,2025-03,0,0,1,1,0,0,3
U10374,2025-01-08,Demand,Ios,Paid Search,1,1,0,1,0,0,0,0.0,2025-01,0,1,0,0,0,0,3
U10375,2025-05-24,Demand,Ios,Organic,1,1,1,0,0,0,0,0.0,2025-05,0,0,1,1,0,0,3
U10376,2025-05-22,Demand,Android,Partner,1,1,1,0,1,1,1,3258.0,2025-05,0,0,1,0,0,0,6
U10377,2025-04-25,Demand,Ios,Paid Search,1,1,1,0,1,1,1,976.0,2025-04,0,0,1,0,0,0,6
U10378,2025-05-23,Supply,Android,Referral,1,1,0,1,1,0,0,0.0,2025-05,0,1,0,0,1,0,4
U10379,2025-04-02,Demand,Ios,Referral,1,1,1,0,1,1,1,2859.0,2025-04,0,0,1,0,0,0,6
U10380,2025-04-08,Supply,Web,Social,1,1,1,1,1,0,0,0.0,2025-04,0,0,0,0,1,0,5
U10381,2025-03-07,Demand,Android,Referral,1,1,1,0,1,1,1,2082.0,2025-03,0,0,1,0,0,0,6
U10382,2025-02-01,Supply,Android,Organic,1,1,1,0,0,0,0,0.0,2025-02,0,0,1,0,0,0,3
U10383,2025-03-27,Demand,Ios,Organic,1,1,1,0,0,0,0,0.0,2025-03,0,0,1,1,0,0,3
U10384,2025-02-20,Demand,Ios,Referral,1,1,1,0,1,1,0,1998.0,2025-02,0,0,1,0,0,1,5
U10385,2025-06-02,Demand,Ios,Social,1,1,1,0,1,1,1,1248.0,2025-06,0,0,1,0,0,0,6
U10386,2025-03-04,Demand,Web,Referral,1,1,0,0,0,0,0,0.0,2025-03,0,1,1,0,0,0,2
U10387,2025-05-05,Supply,Web,Organic,1,1,0,0,0,0,0,0.0,2025-05,0,1,1,0,0,0,2
U10388,2025-05-30,Supply,Web,Organic,1,1,0,0,0,0,0,0.0,2025-05,0,1,1,0,0,0,2
U10389,2025-02-27,Supply,Ios,Referral,1,1,0,1,1,1,1,4563.0,2025-02,0,1,0,0,0,0,6
U10390,2025-02-27,Supply,Ios,Partner,1,1,0,1,1,0,0,0.0,2025-02,0,1,0,0,1,0,4
U10391,2025-03-27,Demand,Android,Referral,1,1,1,0,1,1,1,1608.0,2025-03,0,0,1,0,0,0,6
U10392,2025-02-18,Supply,Android,Partner,1,1,1,1,0,0,0,0.0,2025-02,0,0,0,1,0,0,4
U10393,2025-06-29,Demand,Ios,Paid Search,1,1,1,1,0,0,0,0.0,2025-06,0,0,0,1,0,0,4
U10394,2025-06-19,Demand,Android,Organic,1,1,1,0,1,1,1,575.0,2025-06,0,0,1,0,0,0,6
U10395,2025-03-11,Demand,Web,Partner,1,1,1,0,1,1,0,3228.0,2025-03,0,0,1,0,0,1,5
U10396,2025-01-15,Supply,Ios,Referral,1,1,1,1,0,0,0,0.0,2025-01,0,0,0,1,0,0,4
U10397,2025-02-23,Demand,Ios,Social,1,1,1,0,1,1,1,3709.0,2025-02,0,0,1,0,0,0,6
U10398,2025-04-11,Demand,Android,Partner,1,1,1,0,1,1,1,1881.0,2025-04,0,0,1,0,0,0,6
U10399,2025-01-08,Demand,Android,Organic,1,1,1,0,1,0,0,0.0,2025-01,0,0,1,0,1,0,4
U10400,2025-02-22,Demand,Android,Organic,1,1,1,0,1,0,0,0.0,2025-02,0,0,1,0,1,0,4
U10401,2025-03-01,Demand,Android,Social,1,1,1,0,0,0,0,0.0,2025-03,0,0,1,1,0,0,3
U10402,2025-04-18,Supply,Android,Referral,1,1,0,0,0,0,0,0.0,2025-04,0,1,1,0,0,0,2
U10403,2025-01-05,Demand,Ios,Organic,1,0,0,0,0,0,0,0.0,2025-01,1,0,0,0,0,0,1
U10404,2025-04-13,Supply,Web,Organic,1,1,1,0,0,0,0,0.0,2025-04,0,0,1,0,0,0,3
U10405,2025-01-06,Supply,Web,Organic,1,1,0,1,1,1,1,827.0,2025-01,0,1,0,0,0,0,6
U10406,2025-04-19,Supply,Ios,Social,1,1,0,0,0,0,0,0.0,2025-04,0,1,1,0,0,0,2
U10407,2025-04-26,Supply,Android,Organic,1,1,0,0,0,0,0,0.0,2025-04,0,1,1,0,0,0,2
U10408,2025-04-04,Supply,Web,Referral,1,1,0,0,0,0,0,0.0,2025-04,0,1,1,0,0,0,2
U10409,2025-02-16,Supply,Web,Paid Search,1,1,1,1,1,1,1,2797.0,2025-02,0,0,0,0,0,0,7
U10410,2025-04-09,Demand,Android,Referral,1,1,1,0,0,0,0,0.0,2025-04,0,0,1,1,0,0,3
U10411,2025-02-24,Demand,Ios,Organic,1,0,0,0,0,0,0,0.0,2025-02,1,0,0,0,0,0,1
U10412,2025-06-17,Demand,Android,Social,1,1,1,0,0,0,0,0.0,2025-06,0,0,1,1,0,0,3
U10413,2025-02-21,Supply,Web,Organic,1,1,1,1,1,1,1,3836.0,2025-02,0,0,0,0,0,0,7
U10414,2025-05-24,Supply,Web,Social,1,0,0,0,0,0,0,0.0,2025-05,1,0,0,0,0,0,1
U10415,2025-01-13,Demand,Android,Partner,1,1,1,1,0,0,0,0.0,2025-01,0,0,0,1,0,0,4
U10416,2025-04-24,Supply,Web,Referral,1,1,1,1,1,1,1,715.0,2025-04,0,0,0,0,0,0,7
U10417,2025-05-04,Supply,Ios,Paid Search,1,1,1,1,0,0,0,0.0,2025-05,0,0,0,1,0,0,4
U10418,2025-04-16,Demand,Web,Referral,1,1,1,0,0,0,0,0.0,2025-04,0,0,1,1,0,0,3
U10419,2025-06-07,Supply,Android,Referral,1,1,1,1,0,0,0,0.0,2025-06,0,0,0,1,0,0,4
U10420,2025-05-27,Demand,Web,Partner,1,0,0,0,0,0,0,0.0,2025-05,1,0,0,0,0,0,1
U10421,2025-05-25,Demand,Android,Partner,1,1,0,0,0,0,0,0.0,2025-05,0,1,1,0,0,0,2
U10422,2025-04-30,Supply,Android,Referral,1,1,1,1,1,1,1,4752.0,2025-04,0,0,0,0,0,0,7
U10423,2025-03-04,Supply,Android,Paid Search,1,0,0,0,0,0,0,0.0,2025-03,1,0,0,0,0,0,1
U10424,2025-01-19,Demand,Web,Partner,1,1,0,1,0,0,0,0.0,2025-01,0,1,0,0,0,0,3
U10425,2025-04-02,Demand,Web,Partner,1,1,1,0,1,1,0,3311.0,2025-04,0,0,1,0,0,1,5
U10426,2025-02-27,Supply,Web,Paid Search,1,1,0,0,0,0,0,0.0,2025-02,0,1,1,0,0,0,2
U10427,2025-03-31,Demand,Web,Referral,1,0,0,0,0,0,0,0.0,2025-03,1,0,0,0,0,0,1
U10428,2025-04-27,Supply,Android,Organic,1,1,0,1,1,1,0,1598.0,2025-04,0,1,0,0,0,1,5
U10429,2025-03-03,Demand,Android,Partner,1,1,0,0,0,0,0,0.0,2025-03,0,1,1,0,0,0,2
U10430,2025-01-23,Demand,Android,Organic,1,1,1,0,1,0,0,0.0,2025-01,0,0,1,0,1,0,4
U10431,2025-05-07,Supply,Android,Paid Search,1,1,1,1,0,0,0,0.0,2025-05,0,0,0,1,0,0,4
U10432,2025-05-17,Supply,Android,Referral,1,0,0,0,0,0,0,0.0,2025-05,1,0,0,0,0,0,1
U10433,2025-05-20,Supply,Android,Organic,1,1,0,1,0,0,0,0.0,2025-05,0,1,0,1,0,0,3
U10434,2025-05-09,Supply,Android,Referral,1,1,1,1,0,0,0,0.0,2025-05,0,0,0,1,0,0,4
U10435,2025-02-27,Supply,Android,Partner,1,0,0,0,0,0,0,0.0,2025-02,1,0,0,0,0,0,1
U10436,2025-05-02,Demand,Android,Organic,1,1,1,0,1,0,0,0.0,2025-05,0,0,1,0,1,0,4
U10437,2025-01-01,Supply,Android,Paid Search,1,1,1,1,0,0,0,0.0,2025-01,0,0,0,1,0,0,4
U10438,2025-02-03,Demand,Web,Organic,1,1,1,0,1,1,0,4525.0,2025-02,0,0,1,0,0,1,5
U10439,2025-04-06,Demand,Ios,Organic,1,1,1,0,1,1,1,4154.0,2025-04,0,0,1,0,0,0,6
U10440,2025-05-06,Demand,Web,Referral,1,1,1,0,1,1,0,3751.0,2025-05,0,0,1,0,0,1,5
U10441,2025-04-28,Demand,Android,Paid Search,1,0,0,0,0,0,0,0.0,2025-04,1,0,0,0,0,0,1
U10442,2025-02-17,Supply,Android,Organic,1,1,0,1,1,1,1,1107.0,2025-02,0,1,0,0,0,0,6
U10443,2025-03-30,Demand,Web,Referral,1,1,1,1,0,0,0,0.0,2025-03,0,0,0,1,0,0,4
U10444,2025-04-27,Demand,Android,Organic,1,1,1,0,1,1,0,4427.0,2025-04,0,0,1,0,0,1,5
U10445,2025-05-09,Supply,Android,Referral,1,1,1,1,1,1,1,2652.0,2025-05,0,0,0,0,0,0,7
U10446,2025-01-16,Supply,Android,Partner,1,1,1,1,1,1,1,1046.0,2025-01,0,0,0,0,0,0,7
U10447,2025-03-10,Demand,Android,Partner,1,1,1,0,1,0,0,0.0,2025-03,0,0,1,0,1,0,4
U10448,2025-01-22,Supply,Android,Referral,1,0,0,0,0,0,0,0.0,2025-01,1,0,0,0,0,0,1
U10449,2025-04-03,Supply,Android,Paid Search,1,1,1,1,0,0,0,0.0,2025-04,0,0,0,1,0,0,4
U10450,2025-03-17,Supply,Ios,Partner,1,1,0,1,1,1,0,2322.0,2025-03,0,1,0,0,0,1,5
U10451,2025-06-03,Supply,Android,Organic,1,1,0,1,1,1,1,3621.0,2025-06,0,1,0,0,0,0,6
U10452,2025-05-24,Demand,Android,Social,1,0,0,0,0,0,0,0.0,2025-05,1,0,0,0,0,0,1
U10453,2025-06-28,Demand,Web,Partner,1,1,1,0,1,1,1,3572.0,2025-06,0,0,1,0,0,0,6
U10454,2025-03-27,Demand,Android,Organic,1,1,0,0,0,0,0,0.0,2025-03,0,1,1,0,0,0,2
U10455,2025-01-29,Supply,Android,Organic,1,1,1,1,1,0,0,0.0,2025-01,0,0,0,0,1,0,5
U10456,2025-03-10,Supply,Web,Partner,1,0,0,0,0,0,0,0.0,2025-03,1,0,0,0,0,0,1
U10457,2025-02-16,Demand,Android,Paid Search,1,1,0,0,0,0,0,0.0,2025-02,0,1,1,0,0,0,2
U10458,2025-04-04,Supply,Android,Unknown,1,1,1,0,0,0,0,0.0,2025-04,0,0,1,0,0,0,3
U10459,2025-05-24,Supply,Ios,Organic,1,1,1,0,0,0,0,0.0,2025-05,0,0,1,0,0,0,3
U10460,2025-06-25,Demand,Android,Referral,1,1,1,0,0,0,0,0.0,2025-06,0,0,1,1,0,0,3
U10461,2025-03-26,Supply,Ios,Paid Search,1,1,1,1,0,0,0,0.0,2025-03,0,0,0,1,0,0,4
U10462,2025-02-08,Demand,Web,Social,1,1,1,0,1,1,0,1699.0,2025-02,0,0,1,0,0,1,5
U10463,2025-04-10,Supply,Android,Partner,1,1,1,1,1,1,1,3490.0,2025-04,0,0,0,0,0,0,7
U10464,2025-02-02,Supply,Ios,Referral,1,0,0,0,0,0,0,0.0,2025-02,1,0,0,0,0,0,1
U10465,2025-04-11,Supply,Ios,Paid Search,1,0,0,0,0,0,0,0.0,2025-04,1,0,0,0,0,0,1
U10466,2025-01-23,Demand,Android,Paid Search,1,1,1,0,1,1,1,721.0,2025-01,0,0,1,0,0,0,6
U10467,2025-01-10,Demand,Ios,Referral,1,0,0,0,0,0,0,0.0,2025-01,1,0,0,0,0,0,1
U10468,2025-03-10,Demand,Android,Organic,1,1,1,0,0,0,0,0.0,2025-03,0,0,1,1,0,0,3
U10469,2025-04-10,Demand,Ios,Partner,1,1,0,0,0,0,0,0.0,2025-04,0,1,1,0,0,0,2
U10470,2025-02-03,Supply,Android,Social,1,1,1,1,0,0,0,0.0,2025-02,0,0,0,1,0,0,4
U10471,2025-06-29,Demand,Android,Paid Search,1,1,0,0,0,0,0,0.0,2025-06,0,1,1,0,0,0,2
U10472,2025-05-18,Demand,Android,Paid Search,1,1,1,0,0,0,0,0.0,2025-05,0,0,1,1,0,0,3
U10473,2025-05-27,Demand,Web,Organic,1,1,1,0,1,0,0,0.0,2025-05,0,0,1,0,1,0,4
U10474,2025-04-06,Supply,Android,Paid Search,1,1,0,1,0,0,0,0.0,2025-04,0,1,0,1,0,0,3
U10475,2025-01-01,Demand,Android,Paid Search,1,1,1,0,0,0,0,0.0,2025-01,0,0,1,1,0,0,3
U10476,2025-03-10,Supply,Android,Paid Search,1,1,1,0,0,0,0,0.0,2025-03,0,0,1,0,0,0,3
U10477,2025-01-04,Supply,Ios,Partner,1,1,1,1,0,0,0,0.0,2025-01,0,0,0,1,0,0,4
U10478,2025-01-16,Demand,Ios,Paid Search,1,0,0,0,0,0,0,0.0,2025-01,1,0,0,0,0,0,1
U10479,2025-01-24,Demand,Ios,Unknown,1,1,1,0,1,0,0,0.0,2025-01,0,0,1,0,1,0,4
U10480,2025-03-21,Supply,Ios,Social,1,1,1,1,0,0,0,0.0,2025-03,0,0,0,1,0,0,4
U10481,2025-01-02,Supply,Web,Organic,1,1,0,1,1,0,0,0.0,2025-01,0,1,0,0,1,0,4
U10482,2025-05-08,Demand,Android,Referral,1,1,1,0,0,0,0,0.0,2025-05,0,0,1,1,0,0,3
U10483,2025-06-09,Demand,Ios,Referral,1,0,0,0,0,0,0,0.0,2025-06,1,0,0,0,0,0,1
U10484,2025-03-25,Demand,Web,Referral,1,1,1,0,1,0,0,0.0,2025-03,0,0,1,0,1,0,4
U10485,2025-06-01,Demand,Web,Social,1,1,1,0,1,1,0,3938.0,2025-06,0,0,1,0,0,1,5
U10486,2025-05-20,Demand,Web,Paid Search,1,1,1,0,1,0,0,0.0,2025-05,0,0,1,0,1,0,4
U10487,2025-06-27,Supply,Android,Social,1,1,1,1,1,0,0,0.0,2025-06,0,0,0,0,1,0,5
U10488,2025-06-12,Demand,Android,Paid Search,1,0,0,0,0,0,0,0.0,2025-06,1,0,0,0,0,0,1
U10489,2025-05-04,Supply,Ios,Referral,1,1,1,0,0,0,0,0.0,2025-05,0,0,1,0,0,0,3
U10490,2025-02-02,Supply,Ios,Social,1,1,1,0,0,0,0,0.0,2025-02,0,0,1,0,0,0,3
U10491,2025-06-10,Demand,Ios,Organic,1,1,1,0,1,1,1,522.0,2025-06,0,0,1,0,0,0,6
U10492,2025-06-28,Supply,Ios,Organic,1,1,1,0,0,0,0,0.0,2025-06,0,0,1,0,0,0,3
U10493,2025-06-20,Demand,Web,Paid Search,1,1,1,0,0,0,0,0.0,2025-06,0,0,1,1,0,0,3
U10494,2025-04-11,Demand,Android,Organic,1,1,1,1,0,0,0,0.0,2025-04,0,0,0,1,0,0,4
U10495,2025-01-12,Demand,Web,Organic,1,1,1,0,0,0,0,0.0,2025-01,0,0,1,1,0,0,3
U10496,2025-03-08,Demand,Android,Paid Search,1,1,1,0,1,0,0,0.0,2025-03,0,0,1,0,1,0,4
U10497,2025-03-06,Demand,Android,Paid Search,1,0,0,0,0,0,0,0.0,2025-03,1,0,0,0,0,0,1
U10498,2025-06-10,Demand,Android,Referral,1,1,1,0,1,0,0,0.0,2025-06,0,0,1,0,1,0,4
U10499,2025-06-17,Demand,Ios,Partner,1,1,0,0,0,0,0,0.0,2025-06,0,1,1,0,0,0,2
U10500,2025-03-15,Supply,Android,Paid Search,1,1,1,1,0,0,0,0.0,2025-03,0,0,0,1,0,0,4
U10501,2025-02-12,Demand,Android,Social,1,1,1,0,0,0,0,0.0,2025-02,0,0,1,1,0,0,3
U10502,2025-02-13,Supply,Web,Organic,1,1,0,0,0,0,0,0.0,2025-02,0,1,1,0,0,0,2
U10503,2025-01-29,Demand,Android,Paid Search,1,1,1,0,1,0,0,0.0,2025-01,0,0,1,0,1,0,4
U10504,2025-05-21,Demand,Ios,Social,1,1,1,0,1,1,0,4628.0,2025-05,0,0,1,0,0,1,5
U10505,2025-01-12,Demand,Ios,Paid Search,1,1,1,0,1,1,1,4875.0,2025-01,0,0,1,0,0,0,6
U10506,2025-04-05,Supply,Ios,Social,1,1,0,1,1,1,0,4325.0,2025-04,0,1,0,0,0,1,5
U10507,2025-02-15,Supply,Ios,Referral,1,1,0,1,1,1,1,2699.0,2025-02,0,1,0,0,0,0,6
U10508,2025-05-10,Demand,Android,Organic,1,1,1,0,0,0,0,0.0,2025-05,0,0,1,1,0,0,3
U10509,2025-02-04,Supply,Ios,Referral,1,1,1,1,1,1,1,4108.0,2025-02,0,0,0,0,0,0,7
U10510,2025-03-22,Supply,Android,Referral,1,0,0,0,0,0,0,0.0,2025-03,1,0,0,0,0,0,1
U10511,2025-03-31,Supply,Ios,Social,1,0,0,0,0,0,0,0.0,2025-03,1,0,0,0,0,0,1
U10512,2025-01-08,Demand,Android,Organic,1,1,0,0,0,0,0,0.0,2025-01,0,1,1,0,0,0,2
U10513,2025-04-03,Demand,Ios,Partner,1,1,1,1,1,1,1,1918.0,2025-04,0,0,0,0,0,0,7
U10514,2025-06-03,Supply,Android,Partner,1,1,1,1,1,1,1,3000.0,2025-06,0,0,0,0,0,0,7
U10515,2025-03-31,Supply,Android,Organic,1,1,0,0,0,0,0,0.0,2025-03,0,1,1,0,0,0,2
U10516,2025-06-11,Supply,Android,Referral,1,0,0,0,0,0,0,0.0,2025-06,1,0,0,0,0,0,1
U10517,2025-04-25,Demand,Android,Partner,1,1,1,0,1,1,1,1644.0,2025-04,0,0,1,0,0,0,6
U10518,2025-04-15,Demand,Web,Partner,1,1,1,0,1,1,0,2563.0,2025-04,0,0,1,0,0,1,5
U10519,2025-05-15,Supply,Android,Referral,1,1,1,1,0,0,0,0.0,2025-05,0,0,0,1,0,0,4
U10520,2025-02-27,Supply,Web,Referral,1,1,0,0,0,0,0,0.0,2025-02,0,1,1,0,0,0,2
U10521,2025-04-24,Supply,Web,Paid Search,1,1,1,1,0,0,0,0.0,2025-04,0,0,0,1,0,0,4
U10522,2025-03-16,Demand,Ios,Paid Search,1,1,1,0,1,1,0,3512.0,2025-03,0,0,1,0,0,1,5
U10523,2025-06-06,Demand,Android,Organic,1,1,1,0,1,0,0,0.0,2025-06,0,0,1,0,1,0,4
U10524,2025-04-30,Supply,Android,Social,1,1,0,1,1,1,1,4827.0,2025-04,0,1,0,0,0,0,6
U10525,2025-06-13,Supply,Web,Organic,1,1,0,0,0,0,0,0.0,2025-06,0,1,1,0,0,0,2
U10526,2025-01-21,Supply,Android,Organic,1,1,0,1,0,0,0,0.0,2025-01,0,1,0,1,0,0,3
U10527,2025-06-13,Demand,Android,Referral,1,1,1,0,0,0,0,0.0,2025-06,0,0,1,1,0,0,3
U10528,2025-05-18,Supply,Ios,Referral,1,1,0,0,0,0,0,0.0,2025-05,0,1,1,0,0,0,2
U10529,2025-04-11,Demand,Web,Referral,1,1,1,0,1,1,1,2056.0,2025-04,0,0,1,0,0,0,6
U10530,2025-06-01,Demand,Web,Paid Search,1,0,0,0,0,0,0,0.0,2025-06,1,0,0,0,0,0,1
U10531,2025-06-26,Supply,Android,Referral,1,0,0,0,0,0,0,0.0,2025-06,1,0,0,0,0,0,1
U10532,2025-04-09,Supply,Ios,Organic,1,0,0,0,0,0,0,0.0,2025-04,1,0,0,0,0,0,1
U10533,2025-02-05,Supply,Android,Referral,1,1,1,1,0,0,0,0.0,2025-02,0,0,0,1,0,0,4
U10534,2025-04-06,Demand,Android,Partner,1,1,1,1,0,0,0,0.0,2025-04,0,0,0,1,0,0,4
U10535,2025-06-01,Demand,Web,Referral,1,1,1,0,1,1,1,2488.0,2025-06,0,0,1,0,0,0,6
U10536,2025-05-31,Demand,Android,Referral,1,0,0,0,0,0,0,0.0,2025-05,1,0,0,0,0,0,1
U10537,2025-02-06,Demand,Android,Unknown,1,0,0,0,0,0,0,0.0,2025-02,1,0,0,0,0,0,1
U10538,2025-01-12,Supply,Android,Partner,1,0,0,0,0,0,0,0.0,2025-01,1,0,0,0,0,0,1
U10539,2025-04-23,Demand,Web,Organic,1,1,1,1,0,0,0,0.0,2025-04,0,0,0,1,0,0,4
U10540,2025-01-13,Demand,Web,Paid Search,1,0,0,0,0,0,0,0.0,2025-01,1,0,0,0,0,0,1
U10541,2025-01-23,Supply,Ios,Social,1,1,0,1,0,0,0,0.0,2025-01,0,1,0,1,0,0,3
U10542,2025-04-09,Demand,Ios,Paid Search,1,1,1,0,1,0,0,0.0,2025-04,0,0,1,0,1,0,4
U10543,2025-04-15,Demand,Android,Organic,1,1,1,0,1,0,0,0.0,2025-04,0,0,1,0,1,0,4
U10544,2025-01-30,Demand,Android,Paid Search,1,1,1,0,1,1,1,3495.0,2025-01,0,0,1,0,0,0,6
U10545,2025-01-17,Demand,Android,Organic,1,1,0,0,0,0,0,0.0,2025-01,0,1,1,0,0,0,2
U10546,2025-04-23,Demand,Android,Paid Search,1,1,1,0,0,0,0,0.0,2025-04,0,0,1,1,0,0,3
U10547,2025-03-03,Demand,Ios,Social,1,1,1,1,1,1,1,1220.0,2025-03,0,0,0,0,0,0,7
U10548,2025-03-25,Supply,Web,Organic,1,1,0,1,0,0,0,0.0,2025-03,0,1,0,1,0,0,3
U10549,2025-04-22,Supply,Android,Social,1,0,0,0,0,0,0,0.0,2025-04,1,0,0,0,0,0,1
U10550,2025-03-27,Demand,Android,Organic,1,1,1,0,1,1,1,4526.0,2025-03,0,0,1,0,0,0,6
U10551,2025-05-21,Supply,Android,Social,1,1,0,1,0,0,0,0.0,2025-05,0,1,0,1,0,0,3
U10552,2025-01-19,Supply,Android,Referral,1,1,0,0,0,0,0,0.0,2025-01,0,1,1,0,0,0,2
U10553,2025-06-26,Supply,Web,Organic,1,0,0,0,0,0,0,0.0,2025-06,1,0,0,0,0,0,1
U10554,2025-04-10,Supply,Android,Organic,1,1,1,0,0,0,0,0.0,2025-04,0,0,1,0,0,0,3
U10555,2025-05-20,Demand,Android,Partner,1,1,1,0,0,0,0,0.0,2025-05,0,0,1,1,0,0,3
U10556,2025-05-27,Demand,Ios,Organic,1,1,1,0,1,1,1,922.0,2025-05,0,0,1,0,0,0,6
U10557,2025-03-17,Supply,Android,Organic,1,1,0,0,0,0,0,0.0,2025-03,0,1,1,0,0,0,2
U10558,2025-01-09,Supply,Ios,Unknown,1,1,0,1,1,0,0,0.0,2025-01,0,1,0,0,1,0,4
U10559,2025-01-28,Supply,Android,Paid Search,1,0,0,0,0,0,0,0.0,2025-01,1,0,0,0,0,0,1
U10560,2025-05-08,Demand,Ios,Paid Search,1,1,0,1,0,0,0,0.0,2025-05,0,1,0,0,0,0,3
U10561,2025-02-21,Demand,Web,Organic,1,0,0,0,0,0,0,0.0,2025-02,1,0,0,0,0,0,1
U10562,2025-03-24,Supply,Ios,Referral,1,0,0,0,0,0,0,0.0,2025-03,1,0,0,0,0,0,1
U10563,2025-04-21,Demand,Android,Organic,1,0,0,0,0,0,0,0.0,2025-04,1,0,0,0,0,0,1
U10564,2025-05-24,Demand,Web,Organic,1,1,1,0,1,1,1,4979.0,2025-05,0,0,1,0,0,0,6
U10565,2025-04-27,Demand,Android,Referral,1,0,0,0,0,0,0,0.0,2025-04,1,0,0,0,0,0,1
U10566,2025-03-10,Demand,Android,Social,1,1,1,0,1,1,1,4698.0,2025-03,0,0,1,0,0,0,6
U10567,2025-04-09,Supply,Android,Organic,1,1,1,1,1,1,0,1399.0,2025-04,0,0,0,0,0,1,6
U10568,2025-05-20,Demand,Android,Referral,1,1,0,0,0,0,0,0.0,2025-05,0,1,1,0,0,0,2
U10569,2025-01-25,Demand,Ios,Referral,1,1,1,0,1,1,1,4705.0,2025-01,0,0,1,0,0,0,6
U10570,2025-06-29,Demand,Ios,Partner,1,1,1,0,1,1,1,4141.0,2025-06,0,0,1,0,0,0,6
U10571,2025-05-03,Demand,Web,Partner,1,1,1,0,0,0,0,0.0,2025-05,0,0,1,1,0,0,3
U10572,2025-02-22,Demand,Ios,Social,1,1,0,1,0,0,0,0.0,2025-02,0,1,0,0,0,0,3
U10573,2025-05-31,Demand,Ios,Organic,1,1,0,0,0,0,0,0.0,2025-05,0,1,1,0,0,0,2
U10574,2025-05-24,Supply,Android,Organic,1,1,1,1,0,0,0,0.0,2025-05,0,0,0,1,0,0,4
U10575,2025-02-26,Demand,Android,Referral,1,1,1,0,0,0,0,0.0,2025-02,0,0,1,1,0,0,3
U10576,2025-02-08,Demand,Ios,Organic,1,0,0,0,0,0,0,0.0,2025-02,1,0,0,0,0,0,1
U10577,2025-04-19,Demand,Android,Paid Search,1,1,1,1,1,1,1,1385.0,2025-04,0,0,0,0,0,0,7
U10578,2025-02-11,Supply,Web,Social,1,1,0,1,0,0,0,0.0,2025-02,0,1,0,1,0,0,3
U10579,2025-06-16,Supply,Android,Social,1,1,0,0,0,0,0,0.0,2025-06,0,1,1,0,0,0,2
U10580,2025-05-22,Supply,Android,Social,1,1,0,1,1,1,1,1735.0,2025-05,0,1,0,0,0,0,6
U10581,2025-05-02,Demand,Android,Referral,1,1,1,0,1,1,1,3433.0,2025-05,0,0,1,0,0,0,6
U10582,2025-05-13,Demand,Android,Paid Search,1,1,0,0,0,0,0,0.0,2025-05,0,1,1,0,0,0,2
U10583,2025-06-12,Supply,Android,Referral,1,0,0,0,0,0,0,0.0,2025-06,1,0,0,0,0,0,1
U10584,2025-03-16,Demand,Ios,Organic,1,1,1,0,1,1,0,1291.0,2025-03,0,0,1,0,0,1,5
U10585,2025-05-26,Demand,Android,Social,1,1,1,0,1,0,0,0.0,2025-05,0,0,1,0,1,0,4
U10586,2025-03-17,Demand,Ios,Organic,1,1,1,1,1,1,1,1243.0,2025-03,0,0,0,0,0,0,7
U10587,2025-01-09,Demand,Android,Referral,1,0,0,0,0,0,0,0.0,2025-01,1,0,0,0,0,0,1
U10588,2025-03-15,Demand,Android,Referral,1,1,1,0,1,0,0,0.0,2025-03,0,0,1,0,1,0,4
U10589,2025-05-25,Demand,Android,Paid Search,1,1,1,0,0,0,0,0.0,2025-05,0,0,1,1,0,0,3
U10590,2025-01-07,Supply,Web,Social,1,1,1,1,0,0,0,0.0,2025-01,0,0,0,1,0,0,4
U10591,2025-06-23,Demand,Android,Referral,1,1,1,1,1,1,1,1854.0,2025-06,0,0,0,0,0,0,7
U10592,2025-05-21,Demand,Ios,Social,1,1,1,0,0,0,0,0.0,2025-05,0,0,1,1,0,0,3
U10593,2025-06-17,Demand,Android,Referral,1,1,1,0,0,0,0,0.0,2025-06,0,0,1,1,0,0,3
U10594,2025-06-19,Demand,Ios,Referral,1,1,1,0,1,1,1,1686.0,2025-06,0,0,1,0,0,0,6
U10595,2025-05-17,Demand,Android,Social,1,1,1,0,1,1,1,4587.0,2025-05,0,0,1,0,0,0,6
U10596,2025-06-27,Supply,Ios,Paid Search,1,1,0,1,1,1,1,3331.0,2025-06,0,1,0,0,0,0,6
U10597,2025-01-27,Demand,Ios,Partner,1,1,1,0,0,0,0,0.0,2025-01,0,0,1,1,0,0,3
U10598,2025-05-02,Supply,Web,Organic,1,1,0,1,0,0,0,0.0,2025-05,0,1,0,1,0,0,3
U10599,2025-01-05,Supply,Android,Paid Search,1,1,1,1,1,0,0,0.0,2025-01,0,0,0,0,1,0,5
U10600,2025-01-29,Demand,Android,Paid Search,1,0,0,0,0,0,0,0.0,2025-01,1,0,0,0,0,0,1
U10601,2025-06-14,Demand,Android,Partner,1,0,0,0,0,0,0,0.0,2025-06,1,0,0,0,0,0,1
U10602,2025-06-15,Supply,Web,Organic,1,1,0,0,0,0,0,0.0,2025-06,0,1,1,0,0,0,2
U10603,2025-03-24,Supply,Ios,Social,1,1,0,1,0,0,0,0.0,2025-03,0,1,0,1,0,0,3
U10604,2025-05-16,Demand,Ios,Paid Search,1,1,1,1,1,1,1,4248.0,2025-05,0,0,0,0,0,0,7
U10605,2025-04-19,Supply,Android,Organic,1,1,1,1,0,0,0,0.0,2025-04,0,0,0,1,0,0,4
U10606,2025-03-06,Demand,Android,Referral,1,1,1,0,0,0,0,0.0,2025-03,0,0,1,1,0,0,3
U10607,2025-03-27,Demand,Android,Referral,1,0,0,0,0,0,0,0.0,2025-03,1,0,0,0,0,0,1
U10608,2025-05-25,Demand,Web,Paid Search,1,1,1,0,1,0,0,0.0,2025-05,0,0,1,0,1,0,4
U10609,2025-03-12,Supply,Ios,Partner,1,1,0,1,0,0,0,0.0,2025-03,0,1,0,1,0,0,3
U10610,2025-02-14,Supply,Web,Paid Search,1,1,1,1,0,0,0,0.0,2025-02,0,0,0,1,0,0,4
U10611,2025-05-12,Demand,Android,Paid Search,1,1,1,0,1,1,1,818.0,2025-05,0,0,1,0,0,0,6
U10612,2025-02-05,Demand,Ios,Paid Search,1,1,1,0,1,1,1,4316.0,2025-02,0,0,1,0,0,0,6
U10613,2025-03-11,Supply,Ios,Organic,1,1,1,1,1,0,0,0.0,2025-03,0,0,0,0,1,0,5
U10614,2025-06-08,Demand,Android,Organic,1,1,1,0,0,0,0,0.0,2025-06,0,0,1,1,0,0,3
U10615,2025-01-19,Supply,Web,Paid Search,1,0,0,0,0,0,0,0.0,2025-01,1,0,0,0,0,0,1
U10616,2025-04-18,Demand,Web,Referral,1,1,1,0,1,1,1,987.0,2025-04,0,0,1,0,0,0,6
U10617,2025-06-16,Supply,Web,Organic,1,0,0,0,0,0,0,0.0,2025-06,1,0,0,0,0,0,1
U10618,2025-04-01,Demand,Ios,Paid Search,1,0,0,0,0,0,0,0.0,2025-04,1,0,0,0,0,0,1
U10619,2025-03-31,Supply,Android,Referral,1,1,1,1,0,0,0,0.0,2025-03,0,0,0,1,0,0,4
U10620,2025-01-19,Supply,Android,Organic,1,1,0,0,0,0,0,0.0,2025-01,0,1,1,0,0,0,2
U10621,2025-02-08,Supply,Web,Referral,1,1,1,1,1,1,1,3736.0,2025-02,0,0,0,0,0,0,7
U10622,2025-05-06,Supply,Android,Organic,1,0,0,0,0,0,0,0.0,2025-05,1,0,0,0,0,0,1
U10623,2025-06-22,Demand,Ios,Partner,1,1,1,0,1,1,0,4003.0,2025-06,0,0,1,0,0,1,5
U10624,2025-05-21,Demand,Ios,Social,1,1,1,0,0,0,0,0.0,2025-05,0,0,1,1,0,0,3
U10625,2025-05-06,Supply,Ios,Unknown,1,1,0,0,0,0,0,0.0,2025-05,0,1,1,0,0,0,2
U10626,2025-02-27,Supply,Web,Organic,1,1,0,0,0,0,0,0.0,2025-02,0,1,1,0,0,0,2
U10627,2025-05-28,Demand,Android,Social,1,0,0,0,0,0,0,0.0,2025-05,1,0,0,0,0,0,1
U10628,2025-03-02,Demand,Android,Social,1,1,1,0,1,1,1,3260.0,2025-03,0,0,1,0,0,0,6
U10629,2025-05-07,Demand,Android,Social,1,1,0,0,0,0,0,0.0,2025-05,0,1,1,0,0,0,2
U10630,2025-04-15,Supply,Android,Organic,1,1,1,1,0,0,0,0.0,2025-04,0,0,0,1,0,0,4
U10631,2025-06-16,Supply,Android,Paid Search,1,0,0,0,0,0,0,0.0,2025-06,1,0,0,0,0,0,1
U10632,2025-01-01,Demand,Android,Social,1,1,0,0,0,0,0,0.0,2025-01,0,1,1,0,0,0,2
U10633,2025-05-11,Supply,Web,Paid Search,1,1,0,1,1,0,0,0.0,2025-05,0,1,0,0,1,0,4
U10634,2025-04-02,Demand,Web,Paid Search,1,1,1,0,0,0,0,0.0,2025-04,0,0,1,1,0,0,3
U10635,2025-04-23,Supply,Android,Referral,1,1,1,1,0,0,0,0.0,2025-04,0,0,0,1,0,0,4
U10636,2025-06-02,Demand,Android,Paid Search,1,1,1,0,0,0,0,0.0,2025-06,0,0,1,1,0,0,3
U10637,2025-02-25,Supply,Web,Organic,1,1,1,1,0,0,0,0.0,2025-02,0,0,0,1,0,0,4
U10638,2025-06-10,Demand,Android,Paid Search,1,1,1,1,0,0,0,0.0,2025-06,0,0,0,1,0,0,4
U10639,2025-06-15,Demand,Android,Organic,1,1,1,0,0,0,0,0.0,2025-06,0,0,1,1,0,0,3
U10640,2025-04-27,Demand,Android,Referral,1,1,1,0,1,0,0,0.0,2025-04,0,0,1,0,1,0,4
U10641,2025-05-14,Supply,Ios,Referral,1,1,1,0,0,0,0,0.0,2025-05,0,0,1,0,0,0,3
U10642,2025-02-27,Demand,Android,Paid Search,1,1,1,1,1,1,1,2693.0,2025-02,0,0,0,0,0,0,7
U10643,2025-02-13,Demand,Web,Organic,1,0,0,0,0,0,0,0.0,2025-02,1,0,0,0,0,0,1
U10644,2025-06-22,Demand,Android,Paid Search,1,0,0,0,0,0,0,0.0,2025-06,1,0,0,0,0,0,1
U10645,2025-06-09,Demand,Ios,Social,1,1,1,0,1,1,0,4682.0,2025-06,0,0,1,0,0,1,5
U10646,2025-06-22,Demand,Android,Organic,1,1,1,0,1,0,0,0.0,2025-06,0,0,1,0,1,0,4
U10647,2025-03-02,Demand,Android,Organic,1,1,1,0,1,1,0,3044.0,2025-03,0,0,1,0,0,1,5
U10648,2025-02-16,Supply,Ios,Organic,1,1,1,0,0,0,0,0.0,2025-02,0,0,1,0,0,0,3
U10649,2025-05-29,Demand,Ios,Social,1,1,1,0,1,1,1,814.0,2025-05,0,0,1,0,0,0,6
U10650,2025-03-21,Demand,Ios,Paid Search,1,1,1,0,0,0,0,0.0,2025-03,0,0,1,1,0,0,3
U10651,2025-04-28,Supply,Ios,Referral,1,1,1,1,0,0,0,0.0,2025-04,0,0,0,1,0,0,4
U10652,2025-06-13,Supply,Web,Organic,1,0,0,0,0,0,0,0.0,2025-06,1,0,0,0,0,0,1
U10653,2025-05-27,Supply,Web,Paid Search,1,1,0,1,0,0,0,0.0,2025-05,0,1,0,1,0,0,3
U10654,2025-01-20,Demand,Ios,Social,1,1,0,0,0,0,0,0.0,2025-01,0,1,1,0,0,0,2
U10655,2025-05-26,Demand,Android,Social,1,1,1,0,1,1,1,3001.0,2025-05,0,0,1,0,0,0,6
U10656,2025-02-16,Demand,Android,Paid Search,1,1,1,0,0,0,0,0.0,2025-02,0,0,1,1,0,0,3
U10657,2025-02-18,Demand,Android,Organic,1,1,1,0,1,1,1,2523.0,2025-02,0,0,1,0,0,0,6
U10658,2025-01-14,Supply,Ios,Organic,1,1,0,1,1,1,1,849.0,2025-01,0,1,0,0,0,0,6
U10659,2025-05-23,Supply,Android,Organic,1,1,0,0,0,0,0,0.0,2025-05,0,1,1,0,0,0,2
U10660,2025-06-08,Supply,Android,Organic,1,1,0,1,1,1,1,937.0,2025-06,0,1,0,0,0,0,6
U10661,2025-01-01,Supply,Web,Organic,1,0,0,0,0,0,0,0.0,2025-01,1,0,0,0,0,0,1
U10662,2025-04-27,Supply,Web,Organic,1,1,1,1,1,1,1,4319.0,2025-04,0,0,0,0,0,0,7
U10663,2025-02-23,Supply,Web,Referral,1,1,0,0,0,0,0,0.0,2025-02,0,1,1,0,0,0,2
U10664,2025-04-28,Demand,Android,Partner,1,1,1,0,1,0,0,0.0,2025-04,0,0,1,0,1,0,4
U10665,2025-01-03,Demand,Ios,Paid Search,1,1,1,0,1,0,0,0.0,2025-01,0,0,1,0,1,0,4
U10666,2025-05-24,Demand,Android,Social,1,1,1,1,0,0,0,0.0,2025-05,0,0,0,1,0,0,4
U10667,2025-01-12,Demand,Android,Social,1,1,1,1,0,0,0,0.0,2025-01,0,0,0,1,0,0,4
U10668,2025-03-15,Demand,Android,Organic,1,0,0,0,0,0,0,0.0,2025-03,1,0,0,0,0,0,1
U10669,2025-01-16,Supply,Android,Social,1,0,0,0,0,0,0,0.0,2025-01,1,0,0,0,0,0,1
U10670,2025-04-12,Demand,Android,Organic,1,1,1,0,1,1,1,2800.0,2025-04,0,0,1,0,0,0,6
U10671,2025-06-01,Demand,Web,Paid Search,1,0,0,0,0,0,0,0.0,2025-06,1,0,0,0,0,0,1
U10672,2025-06-05,Supply,Android,Referral,1,1,1,1,1,1,1,2680.0,2025-06,0,0,0,0,0,0,7
U10673,2025-04-27,Supply,Ios,Partner,1,1,1,1,0,0,0,0.0,2025-04,0,0,0,1,0,0,4
U10674,2025-01-08,Demand,Ios,Organic,1,1,1,0,1,1,1,3165.0,2025-01,0,0,1,0,0,0,6
U10675,2025-05-02,Supply,Android,Organic,1,0,0,0,0,0,0,0.0,2025-05,1,0,0,0,0,0,1
U10676,2025-04-02,Demand,Ios,Partner,1,1,0,1,0,0,0,0.0,2025-04,0,1,0,0,0,0,3
U10677,2025-06-13,Demand,Android,Organic,1,1,0,0,0,0,0,0.0,2025-06,0,1,1,0,0,0,2
U10678,2025-03-31,Supply,Ios,Paid Search,1,1,1,1,0,0,0,0.0,2025-03,0,0,0,1,0,0,4
U10679,2025-05-16,Supply,Android,Social,1,1,0,1,0,0,0,0.0,2025-05,0,1,0,1,0,0,3
U10680,2025-03-01,Supply,Android,Social,1,1,0,1,1,0,0,0.0,2025-03,0,1,0,0,1,0,4
U10681,2025-06-27,Supply,Android,Partner,1,0,0,0,0,0,0,0.0,2025-06,1,0,0,0,0,0,1
U10682,2025-01-28,Supply,Ios,Partner,1,1,0,1,0,0,0,0.0,2025-01,0,1,0,1,0,0,3
U10683,2025-04-11,Demand,Web,Organic,1,1,0,1,0,0,0,0.0,2025-04,0,1,0,0,0,0,3
U10684,2025-02-10,Supply,Android,Social,1,1,0,1,1,1,1,3237.0,2025-02,0,1,0,0,0,0,6
U10685,2025-06-04,Demand,Ios,Paid Search,1,1,1,0,1,0,0,0.0,2025-06,0,0,1,0,1,0,4
U10686,2025-05-25,Supply,Ios,Paid Search,1,1,0,0,0,0,0,0.0,2025-05,0,1,1,0,0,0,2
U10687,2025-06-10,Demand,Web,Organic,1,1,1,0,1,1,1,3803.0,2025-06,0,0,1,0,0,0,6
U10688,2025-06-06,Supply,Web,Paid Search,1,1,0,0,0,0,0,0.0,2025-06,0,1,1,0,0,0,2
U10689,2025-05-21,Supply,Ios,Partner,1,1,1,0,0,0,0,0.0,2025-05,0,0,1,0,0,0,3
U10690,2025-02-15,Demand,Ios,Partner,1,1,1,0,0,0,0,0.0,2025-02,0,0,1,1,0,0,3
U10691,2025-02-04,Demand,Web,Referral,1,1,1,0,1,1,0,2939.0,2025-02,0,0,1,0,0,1,5
U10692,2025-05-14,Supply,Android,Organic,1,1,0,1,0,0,0,0.0,2025-05,0,1,0,1,0,0,3
U10693,2025-03-23,Demand,Android,Referral,1,1,1,0,0,0,0,0.0,2025-03,0,0,1,1,0,0,3
U10694,2025-04-25,Demand,Android,Social,1,0,0,0,0,0,0,0.0,2025-04,1,0,0,0,0,0,1
U10695,2025-02-16,Demand,Web,Social,1,1,1,0,1,1,1,1184.0,2025-02,0,0,1,0,0,0,6
U10696,2025-06-02,Supply,Web,Referral,1,1,1,1,1,0,0,0.0,2025-06,0,0,0,0,1,0,5
U10697,2025-01-10,Supply,Android,Organic,1,1,1,1,0,0,0,0.0,2025-01,0,0,0,1,0,0,4
U10698,2025-02-25,Demand,Ios,Referral,1,1,1,0,1,0,0,0.0,2025-02,0,0,1,0,1,0,4
U10699,2025-01-30,Demand,Android,Referral,1,0,0,0,0,0,0,0.0,2025-01,1,0,0,0,0,0,1
U10700,2025-04-19,Supply,Android,Partner,1,1,1,0,0,0,0,0.0,2025-04,0,0,1,0,0,0,3
U10701,2025-01-05,Demand,Web,Paid Search,1,1,1,0,1,1,1,1457.0,2025-01,0,0,1,0,0,0,6
U10702,2025-04-29,Demand,Android,Referral,1,1,0,0,0,0,0,0.0,2025-04,0,1,1,0,0,0,2
U10703,2025-02-02,Supply,Android,Paid Search,1,1,0,1,1,0,0,0.0,2025-02,0,1,0,0,1,0,4
U10704,2025-04-28,Demand,Ios,Organic,1,0,0,0,0,0,0,0.0,2025-04,1,0,0,0,0,0,1
U10705,2025-03-06,Supply,Ios,Partner,1,1,1,1,0,0,0,0.0,2025-03,0,0,0,1,0,0,4
U10706,2025-05-26,Demand,Android,Referral,1,1,0,1,0,0,0,0.0,2025-05,0,1,0,0,0,0,3
U10707,2025-06-26,Demand,Ios,Referral,1,1,1,0,0,0,0,0.0,2025-06,0,0,1,1,0,0,3
U10708,2025-01-11,Demand,Ios,Referral,1,1,1,1,0,0,0,0.0,2025-01,0,0,0,1,0,0,4
U10709,2025-03-26,Supply,Android,Paid Search,1,0,0,0,0,0,0,0.0,2025-03,1,0,0,0,0,0,1
U10710,2025-01-26,Supply,Android,Paid Search,1,1,1,1,0,0,0,0.0,2025-01,0,0,0,1,0,0,4
U10711,2025-03-04,Supply,Ios,Social,1,1,1,1,1,0,0,0.0,2025-03,0,0,0,0,1,0,5
U10712,2025-03-27,Supply,Android,Organic,1,1,1,1,1,1,1,4496.0,2025-03,0,0,0,0,0,0,7
U10713,2025-02-28,Supply,Web,Referral,1,1,0,1,1,1,1,1056.0,2025-02,0,1,0,0,0,0,6
U10714,2025-01-27,Demand,Web,Organic,1,1,1,0,0,0,0,0.0,2025-01,0,0,1,1,0,0,3
U10715,2025-06-26,Supply,Web,Paid Search,1,1,0,1,1,1,1,1208.0,2025-06,0,1,0,0,0,0,6
U10716,2025-06-10,Supply,Android,Organic,1,1,1,1,0,0,0,0.0,2025-06,0,0,0,1,0,0,4
U10717,2025-04-08,Demand,Web,Paid Search,1,1,1,1,0,0,0,0.0,2025-04,0,0,0,1,0,0,4
U10718,2025-04-15,Supply,Android,Social,1,1,0,1,1,0,0,0.0,2025-04,0,1,0,0,1,0,4
U10719,2025-04-09,Demand,Android,Partner,1,0,0,0,0,0,0,0.0,2025-04,1,0,0,0,0,0,1
U10720,2025-05-09,Supply,Android,Referral,1,1,1,1,1,1,1,4279.0,2025-05,0,0,0,0,0,0,7
U10721,2025-05-29,Demand,Android,Referral,1,1,1,0,1,1,0,790.0,2025-05,0,0,1,0,0,1,5
U10722,2025-02-24,Supply,Ios,Organic,1,1,1,1,1,1,1,2683.0,2025-02,0,0,0,0,0,0,7
U10723,2025-01-06,Supply,Android,Paid Search,1,1,1,1,0,0,0,0.0,2025-01,0,0,0,1,0,0,4
U10724,2025-04-05,Demand,Android,Social,1,1,1,1,1,1,1,3436.0,2025-04,0,0,0,0,0,0,7
U10725,2025-05-13,Supply,Ios,Organic,1,1,0,1,1,1,1,2914.0,2025-05,0,1,0,0,0,0,6
U10726,2025-04-12,Demand,Android,Referral,1,1,1,1,1,1,1,2795.0,2025-04,0,0,0,0,0,0,7
U10727,2025-01-03,Supply,Ios,Social,1,1,0,0,0,0,0,0.0,2025-01,0,1,1,0,0,0,2
U10728,2025-01-23,Supply,Android,Social,1,1,1,1,0,0,0,0.0,2025-01,0,0,0,1,0,0,4
U10729,2025-02-22,Demand,Web,Organic,1,1,0,1,0,0,0,0.0,2025-02,0,1,0,0,0,0,3
U10730,2025-06-14,Supply,Web,Paid Search,1,1,1,1,1,0,0,0.0,2025-06,0,0,0,0,1,0,5
U10731,2025-03-24,Demand,Android,Organic,1,1,1,1,1,1,1,3587.0,2025-03,0,0,0,0,0,0,7
U10732,2025-05-25,Demand,Android,Organic,1,1,1,0,1,0,0,0.0,2025-05,0,0,1,0,1,0,4
U10733,2025-03-26,Demand,Android,Partner,1,1,1,0,1,1,1,1198.0,2025-03,0,0,1,0,0,0,6
U10734,2025-03-19,Demand,Web,Social,1,1,1,1,1,1,1,3353.0,2025-03,0,0,0,0,0,0,7
U10735,2025-04-20,Supply,Android,Social,1,1,0,1,0,0,0,0.0,2025-04,0,1,0,1,0,0,3
U10736,2025-01-01,Supply,Android,Organic,1,1,1,1,0,0,0,0.0,2025-01,0,0,0,1,0,0,4
U10737,2025-02-20,Supply,Android,Social,1,1,1,1,1,1,1,4514.0,2025-02,0,0,0,0,0,0,7
U10738,2025-06-22,Demand,Android,Referral,1,1,1,0,0,0,0,0.0,2025-06,0,0,1,1,0,0,3
U10739,2025-01-04,Demand,Ios,Referral,1,1,0,0,0,0,0,0.0,2025-01,0,1,1,0,0,0,2
U10740,2025-04-23,Supply,Web,Paid Search,1,1,0,0,0,0,0,0.0,2025-04,0,1,1,0,0,0,2
U10741,2025-02-01,Demand,Android,Organic,1,1,1,0,1,1,1,950.0,2025-02,0,0,1,0,0,0,6
U10742,2025-02-03,Supply,Android,Social,1,1,0,1,1,0,0,0.0,2025-02,0,1,0,0,1,0,4
U10743,2025-04-02,Demand,Web,Paid Search,1,1,1,0,1,0,0,0.0,2025-04,0,0,1,0,1,0,4
U10744,2025-04-05,Demand,Web,Organic,1,1,0,0,0,0,0,0.0,2025-04,0,1,1,0,0,0,2
U10745,2025-03-13,Demand,Android,Organic,1,1,1,0,1,1,1,815.0,2025-03,0,0,1,0,0,0,6
U10746,2025-02-08,Demand,Android,Organic,1,1,1,0,1,1,1,1876.0,2025-02,0,0,1,0,0,0,6
U10747,2025-06-03,Supply,Android,Organic,1,0,0,0,0,0,0,0.0,2025-06,1,0,0,0,0,0,1
U10748,2025-06-11,Supply,Web,Paid Search,1,1,0,1,0,0,0,0.0,2025-06,0,1,0,1,0,0,3
U10749,2025-04-28,Supply,Android,Social,1,1,0,1,1,1,1,1627.0,2025-04,0,1,0,0,0,0,6
U10750,2025-01-03,Supply,Web,Organic,1,1,0,0,0,0,0,0.0,2025-01,0,1,1,0,0,0,2
U10751,2025-05-03,Supply,Ios,Organic,1,1,1,0,0,0,0,0.0,2025-05,0,0,1,0,0,0,3
U10752,2025-02-19,Demand,Ios,Paid Search,1,1,1,0,0,0,0,0.0,2025-02,0,0,1,1,0,0,3
U10753,2025-01-12,Demand,Android,Social,1,1,1,0,1,0,0,0.0,2025-01,0,0,1,0,1,0,4
U10754,2025-02-23,Demand,Android,Referral,1,1,1,1,1,1,1,3968.0,2025-02,0,0,0,0,0,0,7
U10755,2025-05-13,Supply,Android,Referral,1,1,1,1,1,1,1,4959.0,2025-05,0,0,0,0,0,0,7
U10756,2025-02-26,Demand,Android,Paid Search,1,1,1,0,1,0,0,0.0,2025-02,0,0,1,0,1,0,4
U10757,2025-05-25,Demand,Ios,Organic,1,1,0,0,0,0,0,0.0,2025-05,0,1,1,0,0,0,2
U10758,2025-04-22,Supply,Web,Organic,1,1,0,1,0,0,0,0.0,2025-04,0,1,0,1,0,0,3
U10759,2025-02-16,Demand,Ios,Social,1,1,1,0,0,0,0,0.0,2025-02,0,0,1,1,0,0,3
U10760,2025-05-31,Demand,Ios,Paid Search,1,1,1,0,1,0,0,0.0,2025-05,0,0,1,0,1,0,4
U10761,2025-03-26,Supply,Android,Paid Search,1,1,0,1,1,1,1,606.0,2025-03,0,1,0,0,0,0,6
U10762,2025-05-22,Demand,Android,Social,1,1,1,0,1,1,1,1356.0,2025-05,0,0,1,0,0,0,6
U10763,2025-03-07,Demand,Android,Paid Search,1,1,1,0,1,1,1,3484.0,2025-03,0,0,1,0,0,0,6
U10764,2025-03-16,Supply,Ios,Organic,1,1,0,1,0,0,0,0.0,2025-03,0,1,0,1,0,0,3
U10765,2025-06-28,Demand,Web,Referral,1,1,1,0,1,1,1,1750.0,2025-06,0,0,1,0,0,0,6
U10766,2025-04-13,Demand,Ios,Organic,1,0,0,0,0,0,0,0.0,2025-04,1,0,0,0,0,0,1
U10767,2025-06-15,Demand,Android,Organic,1,0,0,0,0,0,0,0.0,2025-06,1,0,0,0,0,0,1
U10768,2025-02-07,Demand,Android,Paid Search,1,1,1,0,0,0,0,0.0,2025-02,0,0,1,1,0,0,3
U10769,2025-02-19,Supply,Ios,Social,1,1,0,0,0,0,0,0.0,2025-02,0,1,1,0,0,0,2
U10770,2025-04-08,Demand,Android,Partner,1,1,1,0,1,1,1,4753.0,2025-04,0,0,1,0,0,0,6
U10771,2025-03-23,Demand,Web,Paid Search,1,1,1,0,1,0,0,0.0,2025-03,0,0,1,0,1,0,4
U10772,2025-01-30,Supply,Web,Organic,1,1,0,0,0,0,0,0.0,2025-01,0,1,1,0,0,0,2
U10773,2025-03-20,Demand,Ios,Organic,1,1,1,0,0,0,0,0.0,2025-03,0,0,1,1,0,0,3
U10774,2025-04-01,Demand,Android,Social,1,0,0,0,0,0,0,0.0,2025-04,1,0,0,0,0,0,1
U10775,2025-06-28,Demand,Android,Paid Search,1,1,1,0,1,1,1,2874.0,2025-06,0,0,1,0,0,0,6
U10776,2025-02-21,Supply,Android,Paid Search,1,1,1,1,1,1,1,3055.0,2025-02,0,0,0,0,0,0,7
U10777,2025-06-15,Demand,Android,Social,1,1,1,0,0,0,0,0.0,2025-06,0,0,1,1,0,0,3
U10778,2025-03-20,Supply,Android,Social,1,1,0,1,1,1,1,4836.0,2025-03,0,1,0,0,0,0,6
U10779,2025-01-30,Supply,Ios,Social,1,1,0,1,1,1,1,2982.0,2025-01,0,1,0,0,0,0,6
U10780,2025-04-16,Supply,Ios,Organic,1,1,0,1,0,0,0,0.0,2025-04,0,1,0,1,0,0,3
U10781,2025-02-20,Supply,Android,Social,1,1,0,1,0,0,0,0.0,2025-02,0,1,0,1,0,0,3
U10782,2025-03-22,Demand,Android,Social,1,0,0,0,0,0,0,0.0,2025-03,1,0,0,0,0,0,1
U10783,2025-05-13,Demand,Android,Referral,1,1,1,1,0,0,0,0.0,2025-05,0,0,0,1,0,0,4
U10784,2025-01-29,Supply,Android,Paid Search,1,0,0,0,0,0,0,0.0,2025-01,1,0,0,0,0,0,1
U10785,2025-05-12,Demand,Web,Referral,1,1,1,0,1,0,0,0.0,2025-05,0,0,1,0,1,0,4
U10786,2025-05-18,Demand,Android,Partner,1,1,1,0,0,0,0,0.0,2025-05,0,0,1,1,0,0,3
U10787,2025-05-25,Demand,Android,Organic,1,1,1,0,1,1,1,3736.0,2025-05,0,0,1,0,0,0,6
U10788,2025-03-15,Supply,Android,Paid Search,1,1,0,1,0,0,0,0.0,2025-03,0,1,0,1,0,0,3
U10789,2025-01-17,Demand,Web,Organic,1,1,1,0,0,0,0,0.0,2025-01,0,0,1,1,0,0,3
U10790,2025-03-25,Demand,Ios,Social,1,0,0,0,0,0,0,0.0,2025-03,1,0,0,0,0,0,1
U10791,2025-03-10,Demand,Android,Organic,1,1,1,0,1,0,0,0.0,2025-03,0,0,1,0,1,0,4
U10792,2025-02-03,Supply,Ios,Organic,1,1,0,0,0,0,0,0.0,2025-02,0,1,1,0,0,0,2
U10793,2025-01-06,Supply,Ios,Paid Search,1,1,1,1,0,0,0,0.0,2025-01,0,0,0,1,0,0,4
U10794,2025-02-22,Demand,Web,Partner,1,1,1,0,1,1,1,2608.0,2025-02,0,0,1,0,0,0,6
U10795,2025-05-06,Demand,Android,Organic,1,1,1,0,1,1,1,2295.0,2025-05,0,0,1,0,0,0,6
U10796,2025-02-12,Demand,Web,Organic,1,1,0,0,0,0,0,0.0,2025-02,0,1,1,0,0,0,2
U10797,2025-04-25,Demand,Web,Social,1,1,1,0,1,1,1,4014.0,2025-04,0,0,1,0,0,0,6
U10798,2025-04-21,Supply,Web,Paid Search,1,1,1,0,0,0,0,0.0,2025-04,0,0,1,0,0,0,3
U10799,2025-05-31,Demand,Ios,Partner,1,0,0,0,0,0,0,0.0,2025-05,1,0,0,0,0,0,1
U10800,2025-03-21,Demand,Ios,Organic,1,1,1,0,0,0,0,0.0,2025-03,0,0,1,1,0,0,3
U10801,2025-04-05,Supply,Android,Paid Search,1,1,0,1,0,0,0,0.0,2025-04,0,1,0,1,0,0,3
U10802,2025-04-28,Demand,Ios,Organic,1,1,1,1,0,0,0,0.0,2025-04,0,0,0,1,0,0,4
U10803,2025-05-24,Demand,Ios,Organic,1,1,1,0,1,1,1,1658.0,2025-05,0,0,1,0,0,0,6
U10804,2025-01-08,Supply,Ios,Paid Search,1,1,1,1,1,0,0,0.0,2025-01,0,0,0,0,1,0,5
U10805,2025-05-12,Demand,Android,Paid Search,1,1,1,0,0,0,0,0.0,2025-05,0,0,1,1,0,0,3
U10806,2025-04-14,Supply,Ios,Social,1,0,0,0,0,0,0,0.0,2025-04,1,0,0,0,0,0,1
U10807,2025-05-12,Demand,Web,Referral,1,1,0,0,0,0,0,0.0,2025-05,0,1,1,0,0,0,2
U10808,2025-01-25,Demand,Android,Referral,1,1,0,0,0,0,0,0.0,2025-01,0,1,1,0,0,0,2
U10809,2025-04-06,Demand,Web,Referral,1,0,0,0,0,0,0,0.0,2025-04,1,0,0,0,0,0,1
U10810,2025-06-04,Demand,Ios,Partner,1,1,0,0,0,0,0,0.0,2025-06,0,1,1,0,0,0,2
U10811,2025-04-03,Supply,Web,Referral,1,1,0,0,0,0,0,0.0,2025-04,0,1,1,0,0,0,2
U10812,2025-06-09,Demand,Android,Referral,1,1,1,0,0,0,0,0.0,2025-06,0,0,1,1,0,0,3
U10813,2025-06-27,Demand,Android,Referral,1,0,0,0,0,0,0,0.0,2025-06,1,0,0,0,0,0,1
U10814,2025-03-02,Supply,Web,Paid Search,1,1,1,0,0,0,0,0.0,2025-03,0,0,1,0,0,0,3
U10815,2025-05-02,Demand,Android,Organic,1,1,1,0,0,0,0,0.0,2025-05,0,0,1,1,0,0,3
U10816,2025-02-20,Demand,Web,Partner,1,1,1,0,0,0,0,0.0,2025-02,0,0,1,1,0,0,3
U10817,2025-05-27,Supply,Ios,Organic,1,0,0,0,0,0,0,0.0,2025-05,1,0,0,0,0,0,1
U10818,2025-01-21,Demand,Ios,Partner,1,1,1,0,1,1,1,1683.0,2025-01,0,0,1,0,0,0,6
U10819,2025-01-05,Demand,Android,Organic,1,1,1,0,0,0,0,0.0,2025-01,0,0,1,1,0,0,3
U10820,2025-04-02,Supply,Ios,Paid Search,1,1,0,1,0,0,0,0.0,2025-04,0,1,0,1,0,0,3
U10821,2025-06-19,Demand,Android,Partner,1,0,0,0,0,0,0,0.0,2025-06,1,0,0,0,0,0,1
U10822,2025-03-02,Supply,Android,Organic,1,1,0,1,1,1,0,1556.0,2025-03,0,1,0,0,0,1,5
U10823,2025-01-22,Supply,Android,Partner,1,0,0,0,0,0,0,0.0,2025-01,1,0,0,0,0,0,1
U10824,2025-05-29,Supply,Android,Referral,1,1,1,1,0,0,0,0.0,2025-05,0,0,0,1,0,0,4
U10825,2025-03-11,Demand,Web,Partner,1,1,1,0,1,1,1,1760.0,2025-03,0,0,1,0,0,0,6
U10826,2025-01-01,Demand,Web,Paid Search,1,1,1,0,0,0,0,0.0,2025-01,0,0,1,1,0,0,3
U10827,2025-05-13,Supply,Android,Referral,1,1,0,0,0,0,0,0.0,2025-05,0,1,1,0,0,0,2
U10828,2025-01-12,Supply,Ios,Organic,1,1,1,0,0,0,0,0.0,2025-01,0,0,1,0,0,0,3
U10829,2025-03-31,Demand,Android,Referral,1,1,1,0,1,0,0,0.0,2025-03,0,0,1,0,1,0,4
U10830,2025-02-15,Supply,Ios,Organic,1,1,1,0,0,0,0,0.0,2025-02,0,0,1,0,0,0,3
U10831,2025-02-03,Demand,Web,Organic,1,1,1,0,1,1,1,1077.0,2025-02,0,0,1,0,0,0,6
U10832,2025-06-26,Demand,Web,Organic,1,1,1,0,0,0,0,0.0,2025-06,0,0,1,1,0,0,3
U10833,2025-03-19,Demand,Android,Referral,1,1,0,0,0,0,0,0.0,2025-03,0,1,1,0,0,0,2
U10834,2025-02-14,Demand,Web,Social,1,1,1,0,1,1,1,4153.0,2025-02,0,0,1,0,0,0,6
U10835,2025-06-04,Supply,Android,Organic,1,1,0,1,0,0,0,0.0,2025-06,0,1,0,1,0,0,3
U10836,2025-03-14,Demand,Web,Organic,1,1,1,0,1,0,0,0.0,2025-03,0,0,1,0,1,0,4
U10837,2025-01-26,Demand,Android,Paid Search,1,1,0,0,0,0,0,0.0,2025-01,0,1,1,0,0,0,2
U10838,2025-02-16,Demand,Ios,Organic,1,1,1,1,1,1,1,1110.0,2025-02,0,0,0,0,0,0,7
U10839,2025-05-01,Supply,Ios,Organic,1,1,0,1,1,1,1,828.0,2025-05,0,1,0,0,0,0,6
U10840,2025-02-25,Demand,Ios,Organic,1,1,1,0,1,0,0,0.0,2025-02,0,0,1,0,1,0,4
U10841,2025-04-04,Supply,Android,Partner,1,1,1,0,0,0,0,0.0,2025-04,0,0,1,0,0,0,3
U10842,2025-04-17,Supply,Web,Social,1,1,1,0,0,0,0,0.0,2025-04,0,0,1,0,0,0,3
U10843,2025-03-04,Supply,Android,Referral,1,1,1,1,0,0,0,0.0,2025-03,0,0,0,1,0,0,4
U10844,2025-02-17,Demand,Ios,Paid Search,1,1,1,0,1,1,1,1306.0,2025-02,0,0,1,0,0,0,6
U10845,2025-03-02,Demand,Android,Paid Search,1,1,1,0,1,1,1,1533.0,2025-03,0,0,1,0,0,0,6
U10846,2025-03-22,Demand,Android,Paid Search,1,0,0,0,0,0,0,0.0,2025-03,1,0,0,0,0,0,1
U10847,2025-01-26,Demand,Ios,Paid Search,1,1,1,0,0,0,0,0.0,2025-01,0,0,1,1,0,0,3
U10848,2025-02-05,Supply,Android,Paid Search,1,1,1,1,1,1,1,3833.0,2025-02,0,0,0,0,0,0,7
U10849,2025-01-01,Demand,Android,Organic,1,1,0,1,0,0,0,0.0,2025-01,0,1,0,0,0,0,3
U10850,2025-01-08,Supply,Android,Organic,1,1,0,1,1,0,0,0.0,2025-01,0,1,0,0,1,0,4
U10851,2025-04-23,Demand,Android,Referral,1,1,1,1,1,1,1,4150.0,2025-04,0,0,0,0,0,0,7
U10852,2025-04-09,Demand,Ios,Partner,1,1,1,0,1,0,0,0.0,2025-04,0,0,1,0,1,0,4
U10853,2025-06-29,Demand,Web,Paid Search,1,1,1,1,0,0,0,0.0,2025-06,0,0,0,1,0,0,4
U10854,2025-02-16,Demand,Android,Social,1,1,0,0,0,0,0,0.0,2025-02,0,1,1,0,0,0,2
U10855,2025-05-07,Supply,Android,Partner,1,0,0,0,0,0,0,0.0,2025-05,1,0,0,0,0,0,1
U10856,2025-02-25,Demand,Android,Organic,1,1,1,0,1,1,1,4849.0,2025-02,0,0,1,0,0,0,6
U10857,2025-01-14,Demand,Android,Paid Search,1,1,0,0,0,0,0,0.0,2025-01,0,1,1,0,0,0,2
U10858,2025-01-28,Demand,Ios,Paid Search,1,1,1,0,1,1,0,760.0,2025-01,0,0,1,0,0,1,5
U10859,2025-03-19,Supply,Ios,Partner,1,1,1,1,1,1,1,4296.0,2025-03,0,0,0,0,0,0,7
U10860,2025-05-10,Demand,Android,Partner,1,0,0,0,0,0,0,0.0,2025-05,1,0,0,0,0,0,1
U10861,2025-04-19,Demand,Android,Paid Search,1,1,0,1,0,0,0,0.0,2025-04,0,1,0,0,0,0,3
U10862,2025-06-03,Supply,Android,Organic,1,0,0,0,0,0,0,0.0,2025-06,1,0,0,0,0,0,1
U10863,2025-01-14,Supply,Web,Social,1,1,0,1,0,0,0,0.0,2025-01,0,1,0,1,0,0,3
U10864,2025-02-25,Demand,Web,Organic,1,1,0,0,0,0,0,0.0,2025-02,0,1,1,0,0,0,2
U10865,2025-04-25,Demand,Android,Social,1,1,1,0,1,1,0,4463.0,2025-04,0,0,1,0,0,1,5
U10866,2025-01-07,Supply,Android,Partner,1,1,0,0,0,0,0,0.0,2025-01,0,1,1,0,0,0,2
U10867,2025-01-03,Supply,Web,Referral,1,1,1,1,0,0,0,0.0,2025-01,0,0,0,1,0,0,4
U10868,2025-04-21,Supply,Web,Paid Search,1,1,1,0,0,0,0,0.0,2025-04,0,0,1,0,0,0,3
U10869,2025-05-31,Supply,Android,Referral,1,1,0,1,0,0,0,0.0,2025-05,0,1,0,1,0,0,3
U10870,2025-04-17,Demand,Android,Referral,1,1,0,0,0,0,0,0.0,2025-04,0,1,1,0,0,0,2
U10871,2025-01-18,Demand,Android,Referral,1,0,0,0,0,0,0,0.0,2025-01,1,0,0,0,0,0,1
U10872,2025-02-07,Demand,Ios,Social,1,1,1,0,1,1,1,608.0,2025-02,0,0,1,0,0,0,6
U10873,2025-04-25,Demand,Android,Partner,1,1,0,0,0,0,0,0.0,2025-04,0,1,1,0,0,0,2
U10874,2025-01-15,Supply,Android,Partner,1,1,0,0,0,0,0,0.0,2025-01,0,1,1,0,0,0,2
U10875,2025-04-29,Demand,Ios,Organic,1,1,1,0,1,1,1,3581.0,2025-04,0,0,1,0,0,0,6
U10876,2025-01-28,Demand,Android,Social,1,1,1,0,1,0,0,0.0,2025-01,0,0,1,0,1,0,4
U10877,2025-02-08,Demand,Web,Social,1,0,0,0,0,0,0,0.0,2025-02,1,0,0,0,0,0,1
U10878,2025-01-17,Demand,Android,Organic,1,0,0,0,0,0,0,0.0,2025-01,1,0,0,0,0,0,1
U10879,2025-03-27,Supply,Android,Organic,1,1,1,1,0,0,0,0.0,2025-03,0,0,0,1,0,0,4
U10880,2025-05-06,Demand,Ios,Organic,1,0,0,0,0,0,0,0.0,2025-05,1,0,0,0,0,0,1
U10881,2025-02-13,Supply,Android,Partner,1,1,1,1,1,1,1,1487.0,2025-02,0,0,0,0,0,0,7
U10882,2025-01-25,Demand,Web,Paid Search,1,1,1,1,1,0,0,0.0,2025-01,0,0,0,0,1,0,5
U10883,2025-05-25,Supply,Ios,Social,1,1,0,1,0,0,0,0.0,2025-05,0,1,0,1,0,0,3
U10884,2025-01-13,Supply,Android,Organic,1,1,0,0,0,0,0,0.0,2025-01,0,1,1,0,0,0,2
U10885,2025-01-25,Demand,Ios,Social,1,1,0,0,0,0,0,0.0,2025-01,0,1,1,0,0,0,2
U10886,2025-03-09,Supply,Android,Organic,1,1,0,0,0,0,0,0.0,2025-03,0,1,1,0,0,0,2
U10887,2025-05-18,Demand,Web,Referral,1,1,1,0,0,0,0,0.0,2025-05,0,0,1,1,0,0,3
U10888,2025-03-08,Supply,Android,Paid Search,1,1,1,1,1,1,1,3487.0,2025-03,0,0,0,0,0,0,7
U10889,2025-04-19,Demand,Ios,Organic,1,1,1,1,1,1,1,3344.0,2025-04,0,0,0,0,0,0,7
U10890,2025-05-26,Demand,Android,Social,1,0,0,0,0,0,0,0.0,2025-05,1,0,0,0,0,0,1
U10891,2025-04-21,Demand,Android,Organic,1,1,1,0,0,0,0,0.0,2025-04,0,0,1,1,0,0,3
U10892,2025-04-21,Supply,Web,Paid Search,1,1,0,0,0,0,0,0.0,2025-04,0,1,1,0,0,0,2
U10893,2025-02-03,Supply,Web,Referral,1,1,0,0,0,0,0,0.0,2025-02,0,1,1,0,0,0,2
U10894,2025-04-21,Supply,Android,Paid Search,1,1,1,0,0,0,0,0.0,2025-04,0,0,1,0,0,0,3
U10895,2025-01-08,Supply,Android,Organic,1,1,0,1,0,0,0,0.0,2025-01,0,1,0,1,0,0,3
U10896,2025-06-17,Demand,Web,Organic,1,1,1,0,1,1,1,2631.0,2025-06,0,0,1,0,0,0,6
U10897,2025-04-23,Demand,Web,Partner,1,1,0,1,0,0,0,0.0,2025-04,0,1,0,0,0,0,3
U10898,2025-03-24,Demand,Android,Organic,1,1,0,0,0,0,0,0.0,2025-03,0,1,1,0,0,0,2
U10899,2025-02-11,Demand,Android,Social,1,1,1,0,1,1,1,2751.0,2025-02,0,0,1,0,0,0,6
U10900,2025-06-18,Demand,Android,Partner,1,1,1,0,1,1,1,1508.0,2025-06,0,0,1,0,0,0,6
U10901,2025-04-11,Demand,Web,Organic,1,1,1,0,1,0,0,0.0,2025-04,0,0,1,0,1,0,4
U10902,2025-01-06,Supply,Android,Organic,1,1,1,1,0,0,0,0.0,2025-01,0,0,0,1,0,0,4
U10903,2025-06-29,Demand,Android,Paid Search,1,0,0,0,0,0,0,0.0,2025-06,1,0,0,0,0,0,1
U10904,2025-01-26,Demand,Ios,Partner,1,1,1,0,1,1,1,2302.0,2025-01,0,0,1,0,0,0,6
U10905,2025-03-05,Demand,Android,Partner,1,0,0,0,0,0,0,0.0,2025-03,1,0,0,0,0,0,1
U10906,2025-02-28,Supply,Ios,Paid Search,1,1,0,1,1,1,1,629.0,2025-02,0,1,0,0,0,0,6
U10907,2025-04-19,Supply,Android,Social,1,0,0,0,0,0,0,0.0,2025-04,1,0,0,0,0,0,1
U10908,2025-05-01,Demand,Android,Organic,1,1,1,1,0,0,0,0.0,2025-05,0,0,0,1,0,0,4
U10909,2025-02-02,Demand,Android,Partner,1,1,1,0,0,0,0,0.0,2025-02,0,0,1,1,0,0,3
U10910,2025-05-30,Demand,Ios,Partner,1,0,0,0,0,0,0,0.0,2025-05,1,0,0,0,0,0,1
U10911,2025-01-21,Supply,Android,Organic,1,1,0,0,0,0,0,0.0,2025-01,0,1,1,0,0,0,2
U10912,2025-03-11,Demand,Ios,Referral,1,1,1,0,0,0,0,0.0,2025-03,0,0,1,1,0,0,3
U10913,2025-04-22,Supply,Web,Organic,1,1,0,1,1,0,0,0.0,2025-04,0,1,0,0,1,0,4
U10914,2025-01-04,Supply,Ios,Organic,1,1,1,1,0,0,0,0.0,2025-01,0,0,0,1,0,0,4
U10915,2025-04-04,Supply,Android,Social,1,0,0,0,0,0,0,0.0,2025-04,1,0,0,0,0,0,1
U10916,2025-03-16,Demand,Android,Referral,1,1,1,1,1,1,1,2446.0,2025-03,0,0,0,0,0,0,7
U10917,2025-03-03,Demand,Android,Organic,1,1,1,1,0,0,0,0.0,2025-03,0,0,0,1,0,0,4
U10918,2025-04-04,Supply,Android,Referral,1,1,0,0,0,0,0,0.0,2025-04,0,1,1,0,0,0,2
U10919,2025-04-05,Demand,Android,Partner,1,1,1,0,0,0,0,0.0,2025-04,0,0,1,1,0,0,3
U10920,2025-06-01,Supply,Ios,Paid Search,1,1,0,1,1,1,1,1484.0,2025-06,0,1,0,0,0,0,6
U10921,2025-02-24,Demand,Android,Referral,1,1,1,0,1,0,0,0.0,2025-02,0,0,1,0,1,0,4
U10922,2025-05-17,Demand,Android,Organic,1,1,1,0,1,1,1,3926.0,2025-05,0,0,1,0,0,0,6
U10923,2025-05-11,Demand,Android,Partner,1,1,1,0,1,1,1,660.0,2025-05,0,0,1,0,0,0,6
U10924,2025-01-31,Supply,Ios,Social,1,0,0,0,0,0,0,0.0,2025-01,1,0,0,0,0,0,1
U10925,2025-02-09,Demand,Android,Referral,1,1,1,0,1,1,1,582.0,2025-02,0,0,1,0,0,0,6
U10926,2025-02-05,Demand,Ios,Organic,1,1,1,1,0,0,0,0.0,2025-02,0,0,0,1,0,0,4
U10927,2025-06-01,Supply,Android,Organic,1,1,0,1,0,0,0,0.0,2025-06,0,1,0,1,0,0,3
U10928,2025-01-06,Demand,Web,Organic,1,1,1,0,0,0,0,0.0,2025-01,0,0,1,1,0,0,3
U10929,2025-03-07,Supply,Web,Paid Search,1,1,0,1,1,1,1,3382.0,2025-03,0,1,0,0,0,0,6
U10930,2025-03-16,Demand,Android,Partner,1,0,0,0,0,0,0,0.0,2025-03,1,0,0,0,0,0,1
U10931,2025-01-04,Supply,Android,Paid Search,1,1,0,1,0,0,0,0.0,2025-01,0,1,0,1,0,0,3
U10932,2025-03-20,Demand,Android,Social,1,0,0,0,0,0,0,0.0,2025-03,1,0,0,0,0,0,1
U10933,2025-05-14,Demand,Android,Referral,1,1,1,0,0,0,0,0.0,2025-05,0,0,1,1,0,0,3
U10934,2025-04-28,Supply,Ios,Social,1,1,1,0,0,0,0,0.0,2025-04,0,0,1,0,0,0,3
U10935,2025-04-23,Supply,Web,Social,1,1,0,0,0,0,0,0.0,2025-04,0,1,1,0,0,0,2
U10936,2025-04-04,Supply,Ios,Organic,1,1,1,1,1,1,1,704.0,2025-04,0,0,0,0,0,0,7
U10937,2025-06-28,Demand,Web,Referral,1,1,1,0,1,1,1,3602.0,2025-06,0,0,1,0,0,0,6
U10938,2025-03-03,Supply,Android,Paid Search,1,0,0,0,0,0,0,0.0,2025-03,1,0,0,0,0,0,1
U10939,2025-03-20,Demand,Android,Organic,1,1,0,1,0,0,0,0.0,2025-03,0,1,0,0,0,0,3
U10940,2025-05-16,Supply,Ios,Referral,1,0,0,0,0,0,0,0.0,2025-05,1,0,0,0,0,0,1
U10941,2025-01-26,Supply,Android,Paid Search,1,1,1,1,1,0,0,0.0,2025-01,0,0,0,0,1,0,5
U10942,2025-06-28,Demand,Ios,Partner,1,1,0,0,0,0,0,0.0,2025-06,0,1,1,0,0,0,2
U10943,2025-06-22,Supply,Android,Referral,1,1,0,1,1,1,1,2945.0,2025-06,0,1,0,0,0,0,6
U10944,2025-02-13,Demand,Android,Social,1,1,1,0,1,0,0,0.0,2025-02,0,0,1,0,1,0,4
U10945,2025-05-13,Demand,Web,Referral,1,0,0,0,0,0,0,0.0,2025-05,1,0,0,0,0,0,1
U10946,2025-03-11,Demand,Android,Social,1,1,1,0,1,1,1,4183.0,2025-03,0,0,1,0,0,0,6
U10947,2025-06-03,Demand,Web,Paid Search,1,1,1,0,0,0,0,0.0,2025-06,0,0,1,1,0,0,3
U10948,2025-04-28,Demand,Web,Partner,1,1,1,0,1,1,1,1437.0,2025-04,0,0,1,0,0,0,6
U10949,2025-03-09,Supply,Web,Referral,1,1,0,0,0,0,0,0.0,2025-03,0,1,1,0,0,0,2
U10950,2025-01-19,Supply,Ios,Paid Search,1,1,0,1,0,0,0,0.0,2025-01,0,1,0,1,0,0,3
U10951,2025-01-20,Supply,Ios,Paid Search,1,1,1,1,0,0,0,0.0,2025-01,0,0,0,1,0,0,4
U10952,2025-04-23,Demand,Web,Referral,1,1,1,0,1,1,1,3551.0,2025-04,0,0,1,0,0,0,6
U10953,2025-05-20,Supply,Android,Organic,1,1,0,0,0,0,0,0.0,2025-05,0,1,1,0,0,0,2
U10954,2025-02-16,Demand,Android,Organic,1,1,1,0,0,0,0,0.0,2025-02,0,0,1,1,0,0,3
U10955,2025-01-01,Demand,Ios,Organic,1,1,1,0,0,0,0,0.0,2025-01,0,0,1,1,0,0,3
U10956,2025-03-31,Demand,Android,Social,1,1,1,0,1,0,0,0.0,2025-03,0,0,1,0,1,0,4
U10957,2025-05-22,Demand,Android,Organic,1,1,1,0,0,0,0,0.0,2025-05,0,0,1,1,0,0,3
U10958,2025-03-05,Supply,Android,Organic,1,1,1,1,1,1,0,4095.0,2025-03,0,0,0,0,0,1,6
U10959,2025-02-07,Demand,Ios,Social,1,1,1,0,1,0,0,0.0,2025-02,0,0,1,0,1,0,4
U10960,2025-02-06,Demand,Web,Referral,1,1,1,0,0,0,0,0.0,2025-02,0,0,1,1,0,0,3
U10961,2025-05-06,Supply,Android,Paid Search,1,1,0,0,0,0,0,0.0,2025-05,0,1,1,0,0,0,2
U10962,2025-05-19,Supply,Web,Organic,1,1,0,1,0,0,0,0.0,2025-05,0,1,0,1,0,0,3
U10963,2025-04-10,Demand,Ios,Partner,1,1,1,0,1,1,1,2157.0,2025-04,0,0,1,0,0,0,6
U10964,2025-03-18,Demand,Web,Social,1,1,1,1,0,0,0,0.0,2025-03,0,0,0,1,0,0,4
U10965,2025-01-03,Demand,Ios,Social,1,0,0,0,0,0,0,0.0,2025-01,1,0,0,0,0,0,1
U10966,2025-06-10,Demand,Ios,Referral,1,1,0,0,0,0,0,0.0,2025-06,0,1,1,0,0,0,2
U10967,2025-05-14,Demand,Android,Social,1,1,1,1,1,0,0,0.0,2025-05,0,0,0,0,1,0,5
U10968,2025-06-27,Demand,Web,Organic,1,1,1,0,1,1,1,4888.0,2025-06,0,0,1,0,0,0,6
U10969,2025-01-10,Supply,Android,Organic,1,1,1,1,1,1,1,2922.0,2025-01,0,0,0,0,0,0,7
U10970,2025-01-05,Supply,Web,Organic,1,1,1,0,0,0,0,0.0,2025-01,0,0,1,0,0,0,3
U10971,2025-05-31,Supply,Web,Paid Search,1,1,0,1,1,0,0,0.0,2025-05,0,1,0,0,1,0,4
U10972,2025-05-18,Demand,Android,Referral,1,1,1,0,0,0,0,0.0,2025-05,0,0,1,1,0,0,3
U10973,2025-06-21,Demand,Android,Paid Search,1,1,1,0,1,1,1,3816.0,2025-06,0,0,1,0,0,0,6
U10974,2025-05-10,Demand,Ios,Organic,1,1,1,0,1,1,1,3343.0,2025-05,0,0,1,0,0,0,6
U10975,2025-01-13,Supply,Android,Referral,1,1,0,1,0,0,0,0.0,2025-01,0,1,0,1,0,0,3
U10976,2025-06-17,Demand,Web,Social,1,1,1,0,1,1,1,4611.0,2025-06,0,0,1,0,0,0,6
U10977,2025-05-10,Demand,Android,Referral,1,1,0,1,0,0,0,0.0,2025-05,0,1,0,0,0,0,3
U10978,2025-03-25,Demand,Android,Social,1,1,0,0,0,0,0,0.0,2025-03,0,1,1,0,0,0,2
U10979,2025-03-06,Demand,Web,Organic,1,1,0,0,0,0,0,0.0,2025-03,0,1,1,0,0,0,2
U10980,2025-03-04,Supply,Ios,Social,1,0,0,0,0,0,0,0.0,2025-03,1,0,0,0,0,0,1
U10981,2025-04-11,Demand,Web,Paid Search,1,1,1,0,0,0,0,0.0,2025-04,0,0,1,1,0,0,3
U10982,2025-03-14,Supply,Android,Organic,1,1,0,1,1,1,1,2901.0,2025-03,0,1,0,0,0,0,6
U10983,2025-01-17,Supply,Ios,Organic,1,1,1,1,0,0,0,0.0,2025-01,0,0,0,1,0,0,4
U10984,2025-01-09,Demand,Ios,Paid Search,1,0,0,0,0,0,0,0.0,2025-01,1,0,0,0,0,0,1
U10985,2025-05-23,Demand,Ios,Social,1,1,1,0,1,1,1,2059.0,2025-05,0,0,1,0,0,0,6
U10986,2025-06-01,Demand,Ios,Referral,1,1,0,0,0,0,0,0.0,2025-06,0,1,1,0,0,0,2
U10987,2025-02-07,Demand,Ios,Organic,1,1,1,0,1,1,1,3968.0,2025-02,0,0,1,0,0,0,6
U10988,2025-06-12,Demand,Android,Social,1,1,0,0,0,0,0,0.0,2025-06,0,1,1,0,0,0,2
U10989,2025-04-04,Demand,Android,Paid Search,1,0,0,0,0,0,0,0.0,2025-04,1,0,0,0,0,0,1
U10990,2025-04-05,Demand,Ios,Referral,1,1,1,0,0,0,0,0.0,2025-04,0,0,1,1,0,0,3
U10991,2025-02-18,Supply,Android,Paid Search,1,1,0,0,0,0,0,0.0,2025-02,0,1,1,0,0,0,2
U10992,2025-03-10,Supply,Ios,Organic,1,0,0,0,0,0,0,0.0,2025-03,1,0,0,0,0,0,1
U10993,2025-03-03,Supply,Android,Paid Search,1,1,0,1,1,1,1,4663.0,2025-03,0,1,0,0,0,0,6
U10994,2025-06-27,Demand,Ios,Referral,1,1,1,1,1,1,1,1327.0,2025-06,0,0,0,0,0,0,7
U10995,2025-03-19,Supply,Ios,Partner,1,1,1,1,0,0,0,0.0,2025-03,0,0,0,1,0,0,4
U10996,2025-04-27,Supply,Android,Paid Search,1,1,1,0,0,0,0,0.0,2025-04,0,0,1,0,0,0,3
U10997,2025-04-30,Supply,Android,Paid Search,1,1,1,1,1,0,0,0.0,2025-04,0,0,0,0,1,0,5
U10998,2025-05-17,Demand,Android,Paid Search,1,1,1,1,1,1,1,4116.0,2025-05,0,0,0,0,0,0,7
U10999,2025-06-11,Supply,Ios,Partner,1,1,0,1,0,0,0,0.0,2025-06,0,1,0,1,0,0,3
U11000,2025-03-17,Demand,Web,Social,1,1,1,0,0,0,0,0.0,2025-03,0,0,1,1,0,0,3
U11001,2025-02-04,Supply,Android,Referral,1,1,0,1,1,0,0,0.0,2025-02,0,1,0,0,1,0,4
U11002,2025-01-01,Demand,Ios,Social,1,1,1,0,1,1,1,3865.0,2025-01,0,0,1,0,0,0,6
U11003,2025-02-09,Supply,Android,Paid Search,1,0,0,0,0,0,0,0.0,2025-02,1,0,0,0,0,0,1
U11004,2025-03-05,Supply,Android,Paid Search,1,1,0,1,1,1,1,1513.0,2025-03,0,1,0,0,0,0,6
U11005,2025-05-30,Demand,Web,Organic,1,1,1,0,1,0,0,0.0,2025-05,0,0,1,0,1,0,4
U11006,2025-03-01,Supply,Android,Referral,1,0,0,0,0,0,0,0.0,2025-03,1,0,0,0,0,0,1
U11007,2025-03-05,Supply,Android,Organic,1,1,0,1,0,0,0,0.0,2025-03,0,1,0,1,0,0,3
U11008,2025-04-03,Supply,Android,Partner,1,1,0,1,1,1,1,1808.0,2025-04,0,1,0,0,0,0,6
U11009,2025-03-13,Supply,Android,Referral,1,1,0,1,1,1,1,1992.0,2025-03,0,1,0,0,0,0,6
U11010,2025-01-11,Supply,Android,Partner,1,1,1,1,1,1,1,1741.0,2025-01,0,0,0,0,0,0,7
U11011,2025-04-15,Supply,Android,Paid Search,1,1,0,1,1,1,1,2277.0,2025-04,0,1,0,0,0,0,6
U11012,2025-01-14,Demand,Ios,Paid Search,1,0,0,0,0,0,0,0.0,2025-01,1,0,0,0,0,0,1
U11013,2025-03-01,Demand,Android,Paid Search,1,1,1,0,1,1,1,2133.0,2025-03,0,0,1,0,0,0,6
U11014,2025-01-30,Demand,Ios,Organic,1,1,1,0,1,1,1,2951.0,2025-01,0,0,1,0,0,0,6
U11015,2025-02-04,Supply,Android,Referral,1,1,1,1,0,0,0,0.0,2025-02,0,0,0,1,0,0,4
U11016,2025-06-14,Demand,Android,Organic,1,1,1,0,0,0,0,0.0,2025-06,0,0,1,1,0,0,3
U11017,2025-01-05,Supply,Ios,Paid Search,1,1,0,1,0,0,0,0.0,2025-01,0,1,0,1,0,0,3
U11018,2025-03-24,Supply,Web,Referral,1,1,0,0,0,0,0,0.0,2025-03,0,1,1,0,0,0,2
U11019,2025-05-03,Demand,Android,Social,1,1,1,0,0,0,0,0.0,2025-05,0,0,1,1,0,0,3
U11020,2025-03-19,Supply,Web,Organic,1,1,0,1,0,0,0,0.0,2025-03,0,1,0,1,0,0,3
U11021,2025-06-03,Supply,Ios,Organic,1,0,0,0,0,0,0,0.0,2025-06,1,0,0,0,0,0,1
U11022,2025-03-03,Demand,Ios,Referral,1,1,1,0,1,1,1,2723.0,2025-03,0,0,1,0,0,0,6
U11023,2025-05-12,Demand,Ios,Partner,1,1,1,0,1,1,1,4316.0,2025-05,0,0,1,0,0,0,6
U11024,2025-03-30,Demand,Android,Social,1,1,1,0,1,1,1,1598.0,2025-03,0,0,1,0,0,0,6
U11025,2025-02-11,Demand,Android,Referral,1,1,1,1,1,1,0,642.0,2025-02,0,0,0,0,0,1,6
U11026,2025-03-30,Demand,Ios,Paid Search,1,1,1,1,1,1,0,3478.0,2025-03,0,0,0,0,0,1,6
U11027,2025-05-26,Supply,Android,Organic,1,0,0,0,0,0,0,0.0,2025-05,1,0,0,0,0,0,1
U11028,2025-02-09,Supply,Web,Partner,1,1,0,1,1,0,0,0.0,2025-02,0,1,0,0,1,0,4
U11029,2025-03-13,Supply,Android,Paid Search,1,0,0,0,0,0,0,0.0,2025-03,1,0,0,0,0,0,1
U11030,2025-02-08,Supply,Android,Referral,1,1,1,1,0,0,0,0.0,2025-02,0,0,0,1,0,0,4
U11031,2025-04-14,Supply,Ios,Paid Search,1,0,0,0,0,0,0,0.0,2025-04,1,0,0,0,0,0,1
U11032,2025-01-14,Demand,Android,Organic,1,1,1,0,0,0,0,0.0,2025-01,0,0,1,1,0,0,3
U11033,2025-02-01,Demand,Ios,Partner,1,0,0,0,0,0,0,0.0,2025-02,1,0,0,0,0,0,1
U11034,2025-06-28,Demand,Ios,Organic,1,1,0,0,0,0,0,0.0,2025-06,0,1,1,0,0,0,2
U11035,2025-05-05,Supply,Web,Paid Search,1,1,1,1,1,1,1,1679.0,2025-05,0,0,0,0,0,0,7
U11036,2025-06-15,Demand,Web,Organic,1,0,0,0,0,0,0,0.0,2025-06,1,0,0,0,0,0,1
U11037,2025-04-07,Demand,Ios,Social,1,1,1,0,1,1,1,1000.0,2025-04,0,0,1,0,0,0,6
U11038,2025-01-23,Demand,Ios,Social,1,1,0,0,0,0,0,0.0,2025-01,0,1,1,0,0,0,2
U11039,2025-03-04,Supply,Web,Paid Search,1,1,0,1,1,1,1,1469.0,2025-03,0,1,0,0,0,0,6
U11040,2025-05-23,Demand,Android,Paid Search,1,0,0,0,0,0,0,0.0,2025-05,1,0,0,0,0,0,1
U11041,2025-06-02,Supply,Android,Partner,1,1,1,1,1,1,1,1615.0,2025-06,0,0,0,0,0,0,7
U11042,2025-05-25,Supply,Android,Organic,1,1,0,0,0,0,0,0.0,2025-05,0,1,1,0,0,0,2
U11043,2025-02-22,Supply,Android,Referral,1,1,1,1,1,1,1,1979.0,2025-02,0,0,0,0,0,0,7
U11044,2025-04-14,Demand,Ios,Organic,1,1,1,1,1,1,1,4934.0,2025-04,0,0,0,0,0,0,7
U11045,2025-04-14,Demand,Ios,Partner,1,0,0,0,0,0,0,0.0,2025-04,1,0,0,0,0,0,1
U11046,2025-06-28,Supply,Ios,Referral,1,1,0,1,0,0,0,0.0,2025-06,0,1,0,1,0,0,3
U11047,2025-02-08,Supply,Android,Social,1,1,0,1,0,0,0,0.0,2025-02,0,1,0,1,0,0,3
U11048,2025-06-28,Demand,Ios,Paid Search,1,0,0,0,0,0,0,0.0,2025-06,1,0,0,0,0,0,1
U11049,2025-05-14,Supply,Android,Organic,1,1,1,1,1,0,0,0.0,2025-05,0,0,0,0,1,0,5
U11050,2025-03-08,Supply,Ios,Organic,1,1,0,0,0,0,0,0.0,2025-03,0,1,1,0,0,0,2
U11051,2025-05-15,Supply,Ios,Referral,1,1,1,1,1,0,0,0.0,2025-05,0,0,0,0,1,0,5
U11052,2025-06-28,Demand,Android,Referral,1,1,1,0,0,0,0,0.0,2025-06,0,0,1,1,0,0,3
U11053,2025-02-11,Supply,Android,Organic,1,1,0,1,1,1,0,707.0,2025-02,0,1,0,0,0,1,5
U11054,2025-01-15,Supply,Android,Organic,1,1,0,1,1,1,1,759.0,2025-01,0,1,0,0,0,0,6
U11055,2025-04-21,Supply,Web,Social,1,1,0,0,0,0,0,0.0,2025-04,0,1,1,0,0,0,2
U11056,2025-06-06,Demand,Web,Partner,1,1,1,0,1,1,1,1282.0,2025-06,0,0,1,0,0,0,6
U11057,2025-02-02,Demand,Ios,Referral,1,1,1,1,0,0,0,0.0,2025-02,0,0,0,1,0,0,4
U11058,2025-06-04,Demand,Android,Referral,1,1,1,1,0,0,0,0.0,2025-06,0,0,0,1,0,0,4
U11059,2025-06-13,Supply,Android,Organic,1,1,0,1,0,0,0,0.0,2025-06,0,1,0,1,0,0,3
U11060,2025-06-06,Demand,Ios,Paid Search,1,1,1,0,0,0,0,0.0,2025-06,0,0,1,1,0,0,3
U11061,2025-02-07,Supply,Ios,Social,1,1,1,0,0,0,0,0.0,2025-02,0,0,1,0,0,0,3
U11062,2025-04-07,Demand,Android,Organic,1,1,1,0,1,1,1,4090.0,2025-04,0,0,1,0,0,0,6
U11063,2025-06-04,Demand,Android,Organic,1,1,0,0,0,0,0,0.0,2025-06,0,1,1,0,0,0,2
U11064,2025-02-02,Demand,Ios,Social,1,1,1,0,1,0,0,0.0,2025-02,0,0,1,0,1,0,4
U11065,2025-03-27,Demand,Android,Paid Search,1,1,1,0,1,1,1,1288.0,2025-03,0,0,1,0,0,0,6
U11066,2025-03-07,Demand,Android,Organic,1,1,1,0,1,1,1,3829.0,2025-03,0,0,1,0,0,0,6
U11067,2025-01-10,Supply,Android,Paid Search,1,1,1,1,1,1,1,3344.0,2025-01,0,0,0,0,0,0,7
U11068,2025-01-05,Demand,Ios,Referral,1,1,1,0,1,0,0,0.0,2025-01,0,0,1,0,1,0,4
U11069,2025-05-03,Supply,Web,Referral,1,0,0,0,0,0,0,0.0,2025-05,1,0,0,0,0,0,1
U11070,2025-03-15,Demand,Web,Social,1,0,0,0,0,0,0,0.0,2025-03,1,0,0,0,0,0,1
U11071,2025-04-07,Supply,Ios,Social,1,1,1,1,1,1,1,3467.0,2025-04,0,0,0,0,0,0,7
U11072,2025-04-28,Supply,Ios,Referral,1,1,1,0,0,0,0,0.0,2025-04,0,0,1,0,0,0,3
U11073,2025-02-07,Supply,Android,Partner,1,1,0,1,0,0,0,0.0,2025-02,0,1,0,1,0,0,3
U11074,2025-05-21,Supply,Ios,Referral,1,1,1,0,0,0,0,0.0,2025-05,0,0,1,0,0,0,3
U11075,2025-06-08,Demand,Android,Social,1,1,1,0,1,1,1,4896.0,2025-06,0,0,1,0,0,0,6
U11076,2025-02-16,Demand,Ios,Paid Search,1,1,1,0,1,1,1,787.0,2025-02,0,0,1,0,0,0,6
U11077,2025-04-19,Supply,Android,Partner,1,1,0,0,0,0,0,0.0,2025-04,0,1,1,0,0,0,2
U11078,2025-06-29,Supply,Android,Partner,1,1,1,1,1,1,1,2816.0,2025-06,0,0,0,0,0,0,7
U11079,2025-01-15,Demand,Android,Organic,1,1,0,1,0,0,0,0.0,2025-01,0,1,0,0,0,0,3
U11080,2025-06-06,Supply,Android,Partner,1,1,0,1,1,1,1,4137.0,2025-06,0,1,0,0,0,0,6
U11081,2025-05-16,Demand,Android,Social,1,1,0,1,0,0,0,0.0,2025-05,0,1,0,0,0,0,3
U11082,2025-01-05,Demand,Android,Social,1,1,1,1,1,0,0,0.0,2025-01,0,0,0,0,1,0,5
U11083,2025-06-06,Demand,Web,Organic,1,1,1,0,1,1,0,3483.0,2025-06,0,0,1,0,0,1,5
U11084,2025-02-16,Demand,Android,Social,1,1,1,0,1,1,1,3515.0,2025-02,0,0,1,0,0,0,6
U11085,2025-03-09,Supply,Ios,Social,1,1,0,1,0,0,0,0.0,2025-03,0,1,0,1,0,0,3
U11086,2025-03-17,Demand,Web,Referral,1,1,1,1,1,1,1,2960.0,2025-03,0,0,0,0,0,0,7
U11087,2025-06-22,Supply,Web,Partner,1,1,0,1,0,0,0,0.0,2025-06,0,1,0,1,0,0,3
U11088,2025-05-10,Supply,Ios,Organic,1,1,1,0,0,0,0,0.0,2025-05,0,0,1,0,0,0,3
U11089,2025-06-04,Demand,Web,Organic,1,0,0,0,0,0,0,0.0,2025-06,1,0,0,0,0,0,1
U11090,2025-04-05,Supply,Android,Paid Search,1,0,0,0,0,0,0,0.0,2025-04,1,0,0,0,0,0,1
U11091,2025-04-25,Demand,Android,Paid Search,1,1,1,0,1,1,1,690.0,2025-04,0,0,1,0,0,0,6
U11092,2025-06-13,Demand,Android,Paid Search,1,1,1,0,1,1,1,2247.0,2025-06,0,0,1,0,0,0,6
U11093,2025-02-05,Demand,Ios,Organic,1,1,1,0,1,1,1,2625.0,2025-02,0,0,1,0,0,0,6
U11094,2025-01-26,Demand,Ios,Partner,1,0,0,0,0,0,0,0.0,2025-01,1,0,0,0,0,0,1
U11095,2025-02-12,Supply,Android,Organic,1,1,0,1,1,1,1,3872.0,2025-02,0,1,0,0,0,0,6
U11096,2025-01-27,Supply,Android,Organic,1,0,0,0,0,0,0,0.0,2025-01,1,0,0,0,0,0,1
U11097,2025-03-10,Demand,Ios,Organic,1,1,1,0,0,0,0,0.0,2025-03,0,0,1,1,0,0,3
U11098,2025-05-28,Supply,Android,Paid Search,1,1,0,1,1,0,0,0.0,2025-05,0,1,0,0,1,0,4
U11099,2025-01-11,Demand,Ios,Partner,1,0,0,0,0,0,0,0.0,2025-01,1,0,0,0,0,0,1
U11100,2025-03-15,Demand,Ios,Paid Search,1,1,1,1,0,0,0,0.0,2025-03,0,0,0,1,0,0,4
U11101,2025-04-14,Demand,Ios,Social,1,1,1,0,0,0,0,0.0,2025-04,0,0,1,1,0,0,3
U11102,2025-02-07,Supply,Ios,Organic,1,1,0,1,0,0,0,0.0,2025-02,0,1,0,1,0,0,3
U11103,2025-05-14,Supply,Web,Paid Search,1,1,0,1,1,1,1,2750.0,2025-05,0,1,0,0,0,0,6
U11104,2025-01-23,Supply,Ios,Referral,1,1,1,1,1,1,0,3273.0,2025-01,0,0,0,0,0,1,6
U11105,2025-02-16,Supply,Ios,Paid Search,1,1,0,1,1,1,1,4704.0,2025-02,0,1,0,0,0,0,6
U11106,2025-03-31,Demand,Ios,Organic,1,1,1,0,1,1,1,783.0,2025-03,0,0,1,0,0,0,6
U11107,2025-02-15,Supply,Android,Paid Search,1,1,0,1,0,0,0,0.0,2025-02,0,1,0,1,0,0,3
U11108,2025-04-17,Supply,Android,Paid Search,1,0,0,0,0,0,0,0.0,2025-04,1,0,0,0,0,0,1
U11109,2025-05-20,Supply,Android,Social,1,1,0,1,1,1,1,1863.0,2025-05,0,1,0,0,0,0,6
U11110,2025-05-21,Demand,Android,Paid Search,1,1,1,0,1,1,1,3852.0,2025-05,0,0,1,0,0,0,6
U11111,2025-04-14,Demand,Ios,Organic,1,1,1,0,1,1,0,4575.0,2025-04,0,0,1,0,0,1,5
U11112,2025-04-21,Supply,Web,Paid Search,1,1,0,1,1,1,1,1300.0,2025-04,0,1,0,0,0,0,6
U11113,2025-04-14,Supply,Android,Organic,1,1,1,1,1,1,1,1259.0,2025-04,0,0,0,0,0,0,7
U11114,2025-03-01,Supply,Android,Social,1,0,0,0,0,0,0,0.0,2025-03,1,0,0,0,0,0,1
U11115,2025-06-20,Supply,Web,Paid Search,1,1,0,1,0,0,0,0.0,2025-06,0,1,0,1,0,0,3
U11116,2025-04-10,Demand,Android,Unknown,1,1,1,1,1,1,0,1314.0,2025-04,0,0,0,0,0,1,6
U11117,2025-03-09,Demand,Android,Partner,1,1,1,0,0,0,0,0.0,2025-03,0,0,1,1,0,0,3
U11118,2025-05-13,Supply,Ios,Paid Search,1,1,1,1,0,0,0,0.0,2025-05,0,0,0,1,0,0,4
U11119,2025-04-30,Supply,Ios,Organic,1,0,0,0,0,0,0,0.0,2025-04,1,0,0,0,0,0,1
U11120,2025-02-06,Demand,Android,Paid Search,1,1,1,0,1,1,1,4291.0,2025-02,0,0,1,0,0,0,6
U11121,2025-03-13,Demand,Android,Organic,1,1,1,0,0,0,0,0.0,2025-03,0,0,1,1,0,0,3
U11122,2025-05-07,Demand,Android,Social,1,1,1,0,0,0,0,0.0,2025-05,0,0,1,1,0,0,3
U11123,2025-04-16,Supply,Ios,Social,1,1,0,1,1,1,1,2949.0,2025-04,0,1,0,0,0,0,6
U11124,2025-04-02,Demand,Ios,Partner,1,1,0,0,0,0,0,0.0,2025-04,0,1,1,0,0,0,2
U11125,2025-01-31,Supply,Android,Paid Search,1,1,0,1,0,0,0,0.0,2025-01,0,1,0,1,0,0,3
U11126,2025-05-02,Demand,Ios,Referral,1,1,0,0,0,0,0,0.0,2025-05,0,1,1,0,0,0,2
U11127,2025-05-17,Demand,Web,Social,1,1,0,0,0,0,0,0.0,2025-05,0,1,1,0,0,0,2
U11128,2025-02-20,Supply,Android,Organic,1,1,1,0,0,0,0,0.0,2025-02,0,0,1,0,0,0,3
U11129,2025-01-29,Supply,Ios,Paid Search,1,0,0,0,0,0,0,0.0,2025-01,1,0,0,0,0,0,1
U11130,2025-02-09,Supply,Ios,Paid Search,1,0,0,0,0,0,0,0.0,2025-02,1,0,0,0,0,0,1
U11131,2025-02-10,Supply,Android,Organic,1,1,0,1,1,1,1,3770.0,2025-02,0,1,0,0,0,0,6
U11132,2025-01-11,Supply,Android,Referral,1,1,0,1,1,1,1,2425.0,2025-01,0,1,0,0,0,0,6
U11133,2025-05-31,Supply,Ios,Social,1,1,0,1,0,0,0,0.0,2025-05,0,1,0,1,0,0,3
U11134,2025-01-01,Demand,Web,Social,1,1,1,1,0,0,0,0.0,2025-01,0,0,0,1,0,0,4
U11135,2025-02-15,Demand,Web,Organic,1,1,1,0,0,0,0,0.0,2025-02,0,0,1,1,0,0,3
U11136,2025-04-11,Supply,Ios,Organic,1,1,0,0,0,0,0,0.0,2025-04,0,1,1,0,0,0,2
U11137,2025-05-29,Demand,Ios,Organic,1,0,0,0,0,0,0,0.0,2025-05,1,0,0,0,0,0,1
U11138,2025-03-31,Supply,Android,Social,1,0,0,0,0,0,0,0.0,2025-03,1,0,0,0,0,0,1
U11139,2025-04-20,Demand,Ios,Organic,1,1,0,0,0,0,0,0.0,2025-04,0,1,1,0,0,0,2
U11140,2025-06-13,Supply,Android,Social,1,1,0,1,1,1,1,3252.0,2025-06,0,1,0,0,0,0,6
U11141,2025-02-26,Demand,Android,Organic,1,1,1,0,1,1,1,3668.0,2025-02,0,0,1,0,0,0,6
U11142,2025-01-01,Demand,Ios,Paid Search,1,1,1,0,1,1,1,2054.0,2025-01,0,0,1,0,0,0,6
U11143,2025-03-04,Demand,Ios,Referral,1,1,1,0,1,0,0,0.0,2025-03,0,0,1,0,1,0,4
U11144,2025-02-24,Demand,Android,Social,1,1,1,1,0,0,0,0.0,2025-02,0,0,0,1,0,0,4
U11145,2025-04-25,Supply,Web,Organic,1,0,0,0,0,0,0,0.0,2025-04,1,0,0,0,0,0,1
U11146,2025-06-17,Demand,Android,Paid Search,1,1,1,0,0,0,0,0.0,2025-06,0,0,1,1,0,0,3
U11147,2025-05-23,Supply,Android,Organic,1,1,0,1,0,0,0,0.0,2025-05,0,1,0,1,0,0,3
U11148,2025-05-29,Supply,Android,Social,1,1,1,1,1,1,1,3459.0,2025-05,0,0,0,0,0,0,7
U11149,2025-06-24,Supply,Ios,Social,1,1,0,0,0,0,0,0.0,2025-06,0,1,1,0,0,0,2
U11150,2025-02-22,Demand,Ios,Organic,1,1,1,1,0,0,0,0.0,2025-02,0,0,0,1,0,0,4
U11151,2025-05-17,Supply,Android,Social,1,0,0,0,0,0,0,0.0,2025-05,1,0,0,0,0,0,1
U11152,2025-06-29,Demand,Ios,Paid Search,1,1,1,0,1,1,0,2247.0,2025-06,0,0,1,0,0,1,5
U11153,2025-02-26,Demand,Android,Organic,1,1,1,0,1,1,1,540.0,2025-02,0,0,1,0,0,0,6
U11154,2025-04-27,Demand,Ios,Referral,1,1,1,0,1,1,1,2638.0,2025-04,0,0,1,0,0,0,6
U11155,2025-06-03,Demand,Android,Organic,1,1,1,0,0,0,0,0.0,2025-06,0,0,1,1,0,0,3
U11156,2025-06-18,Supply,Android,Social,1,1,0,1,0,0,0,0.0,2025-06,0,1,0,1,0,0,3
U11157,2025-02-04,Supply,Web,Social,1,1,1,0,0,0,0,0.0,2025-02,0,0,1,0,0,0,3
U11158,2025-03-04,Supply,Android,Organic,1,1,1,0,0,0,0,0.0,2025-03,0,0,1,0,0,0,3
U11159,2025-01-25,Supply,Android,Paid Search,1,1,1,1,1,1,1,4437.0,2025-01,0,0,0,0,0,0,7
U11160,2025-03-31,Supply,Ios,Social,1,1,1,1,0,0,0,0.0,2025-03,0,0,0,1,0,0,4
U11161,2025-03-16,Supply,Web,Partner,1,1,0,0,0,0,0,0.0,2025-03,0,1,1,0,0,0,2
U11162,2025-02-07,Supply,Android,Paid Search,1,1,0,1,0,0,0,0.0,2025-02,0,1,0,1,0,0,3
U11163,2025-05-10,Demand,Android,Partner,1,1,1,0,1,0,0,0.0,2025-05,0,0,1,0,1,0,4
U11164,2025-05-15,Demand,Android,Paid Search,1,1,1,0,1,1,1,3023.0,2025-05,0,0,1,0,0,0,6
U11165,2025-06-11,Supply,Ios,Referral,1,1,0,1,1,0,0,0.0,2025-06,0,1,0,0,1,0,4
U11166,2025-04-01,Demand,Android,Social,1,1,1,1,1,1,1,2656.0,2025-04,0,0,0,0,0,0,7
U11167,2025-01-17,Supply,Ios,Paid Search,1,1,1,1,1,1,0,713.0,2025-01,0,0,0,0,0,1,6
U11168,2025-05-08,Supply,Web,Referral,1,1,1,1,1,1,1,2076.0,2025-05,0,0,0,0,0,0,7
U11169,2025-06-20,Demand,Android,Paid Search,1,1,1,0,1,1,1,3318.0,2025-06,0,0,1,0,0,0,6
U11170,2025-04-18,Demand,Android,Social,1,1,1,1,1,1,1,2624.0,2025-04,0,0,0,0,0,0,7
U11171,2025-06-28,Supply,Android,Social,1,1,1,0,0,0,0,0.0,2025-06,0,0,1,0,0,0,3
U11172,2025-06-01,Demand,Android,Referral,1,1,1,0,0,0,0,0.0,2025-06,0,0,1,1,0,0,3
U11173,2025-01-25,Demand,Web,Referral,1,1,1,0,1,1,1,3077.0,2025-01,0,0,1,0,0,0,6
U11174,2025-06-29,Demand,Android,Paid Search,1,1,1,0,0,0,0,0.0,2025-06,0,0,1,1,0,0,3
U11175,2025-03-29,Demand,Android,Paid Search,1,1,1,0,0,0,0,0.0,2025-03,0,0,1,1,0,0,3
U11176,2025-06-10,Demand,Ios,Organic,1,1,1,0,1,1,1,4135.0,2025-06,0,0,1,0,0,0,6
U11177,2025-06-26,Supply,Android,Social,1,0,0,0,0,0,0,0.0,2025-06,1,0,0,0,0,0,1
U11178,2025-01-29,Supply,Ios,Paid Search,1,1,0,1,1,1,1,4453.0,2025-01,0,1,0,0,0,0,6
U11179,2025-03-04,Supply,Android,Referral,1,1,0,1,0,0,0,0.0,2025-03,0,1,0,1,0,0,3
U11180,2025-05-30,Demand,Web,Organic,1,1,1,0,0,0,0,0.0,2025-05,0,0,1,1,0,0,3
U11181,2025-06-03,Demand,Web,Organic,1,1,1,1,0,0,0,0.0,2025-06,0,0,0,1,0,0,4
U11182,2025-06-05,Supply,Ios,Partner,1,1,0,1,1,0,0,0.0,2025-06,0,1,0,0,1,0,4
U11183,2025-04-24,Demand,Web,Referral,1,1,1,0,1,1,0,1150.0,2025-04,0,0,1,0,0,1,5
U11184,2025-02-18,Demand,Android,Organic,1,0,0,0,0,0,0,0.0,2025-02,1,0,0,0,0,0,1
U11185,2025-03-22,Demand,Android,Referral,1,0,0,0,0,0,0,0.0,2025-03,1,0,0,0,0,0,1
U11186,2025-03-25,Demand,Ios,Referral,1,1,1,0,0,0,0,0.0,2025-03,0,0,1,1,0,0,3
U11187,2025-04-15,Demand,Ios,Organic,1,1,1,0,1,1,1,698.0,2025-04,0,0,1,0,0,0,6
U11188,2025-06-26,Supply,Android,Referral,1,1,1,1,1,1,1,1855.0,2025-06,0,0,0,0,0,0,7
U11189,2025-05-28,Demand,Android,Paid Search,1,1,1,0,0,0,0,0.0,2025-05,0,0,1,1,0,0,3
U11190,2025-04-28,Supply,Android,Paid Search,1,1,0,1,1,1,1,1302.0,2025-04,0,1,0,0,0,0,6
U11191,2025-03-27,Demand,Android,Referral,1,1,1,1,0,0,0,0.0,2025-03,0,0,0,1,0,0,4
U11192,2025-03-04,Supply,Android,Referral,1,1,0,1,0,0,0,0.0,2025-03,0,1,0,1,0,0,3
U11193,2025-04-14,Demand,Ios,Partner,1,1,1,0,1,1,1,2913.0,2025-04,0,0,1,0,0,0,6
U11194,2025-02-18,Demand,Android,Referral,1,1,1,0,1,1,1,3467.0,2025-02,0,0,1,0,0,0,6
U11195,2025-03-12,Supply,Android,Organic,1,0,0,0,0,0,0,0.0,2025-03,1,0,0,0,0,0,1
U11196,2025-01-01,Demand,Ios,Organic,1,1,1,0,1,1,1,3967.0,2025-01,0,0,1,0,0,0,6
U11197,2025-05-21,Demand,Ios,Referral,1,0,0,0,0,0,0,0.0,2025-05,1,0,0,0,0,0,1
U11198,2025-06-28,Demand,Web,Social,1,1,1,0,0,0,0,0.0,2025-06,0,0,1,1,0,0,3
U11199,2025-05-03,Demand,Ios,Organic,1,1,1,0,1,1,1,3669.0,2025-05,0,0,1,0,0,0,6
U11200,2025-03-03,Demand,Android,Social,1,1,1,0,1,1,1,882.0,2025-03,0,0,1,0,0,0,6
U11201,2025-02-01,Supply,Web,Organic,1,1,1,1,1,1,1,4440.0,2025-02,0,0,0,0,0,0,7
U11202,2025-06-07,Supply,Ios,Referral,1,1,1,0,0,0,0,0.0,2025-06,0,0,1,0,0,0,3
U11203,2025-01-29,Supply,Android,Social,1,1,0,1,1,1,1,3827.0,2025-01,0,1,0,0,0,0,6
U11204,2025-02-18,Demand,Ios,Referral,1,0,0,0,0,0,0,0.0,2025-02,1,0,0,0,0,0,1
U11205,2025-06-22,Supply,Web,Paid Search,1,1,1,0,0,0,0,0.0,2025-06,0,0,1,0,0,0,3
U11206,2025-01-30,Demand,Android,Organic,1,1,1,0,1,1,1,4823.0,2025-01,0,0,1,0,0,0,6
U11207,2025-05-24,Demand,Android,Social,1,0,0,0,0,0,0,0.0,2025-05,1,0,0,0,0,0,1
U11208,2025-06-17,Demand,Android,Organic,1,1,1,0,0,0,0,0.0,2025-06,0,0,1,1,0,0,3
U11209,2025-01-19,Demand,Android,Social,1,1,1,0,0,0,0,0.0,2025-01,0,0,1,1,0,0,3
U11210,2025-01-18,Demand,Android,Organic,1,1,1,0,1,1,0,1762.0,2025-01,0,0,1,0,0,1,5
U11211,2025-01-01,Supply,Ios,Social,1,0,0,0,0,0,0,0.0,2025-01,1,0,0,0,0,0,1
U11212,2025-03-19,Demand,Android,Referral,1,1,1,0,1,1,1,849.0,2025-03,0,0,1,0,0,0,6
U11213,2025-04-25,Demand,Web,Social,1,1,1,1,1,1,1,4526.0,2025-04,0,0,0,0,0,0,7
U11214,2025-06-24,Demand,Ios,Referral,1,1,1,0,1,1,1,940.0,2025-06,0,0,1,0,0,0,6
U11215,2025-04-23,Demand,Ios,Partner,1,0,0,0,0,0,0,0.0,2025-04,1,0,0,0,0,0,1
U11216,2025-04-24,Supply,Web,Organic,1,1,0,1,0,0,0,0.0,2025-04,0,1,0,1,0,0,3
U11217,2025-06-15,Supply,Android,Organic,1,0,0,0,0,0,0,0.0,2025-06,1,0,0,0,0,0,1
U11218,2025-06-28,Demand,Android,Paid Search,1,1,1,1,1,1,1,1884.0,2025-06,0,0,0,0,0,0,7
U11219,2025-03-04,Supply,Ios,Organic,1,1,0,1,0,0,0,0.0,2025-03,0,1,0,1,0,0,3
U11220,2025-05-12,Demand,Web,Organic,1,1,1,0,0,0,0,0.0,2025-05,0,0,1,1,0,0,3
U11221,2025-05-09,Demand,Web,Partner,1,1,1,0,1,1,1,1497.0,2025-05,0,0,1,0,0,0,6
U11222,2025-01-08,Supply,Android,Partner,1,0,0,0,0,0,0,0.0,2025-01,1,0,0,0,0,0,1
U11223,2025-06-06,Demand,Web,Referral,1,1,0,0,0,0,0,0.0,2025-06,0,1,1,0,0,0,2
U11224,2025-02-24,Supply,Android,Partner,1,1,0,0,0,0,0,0.0,2025-02,0,1,1,0,0,0,2
U11225,2025-04-13,Demand,Web,Paid Search,1,1,1,0,1,1,1,1962.0,2025-04,0,0,1,0,0,0,6
U11226,2025-05-11,Demand,Web,Organic,1,1,1,0,1,1,1,3694.0,2025-05,0,0,1,0,0,0,6
U11227,2025-02-01,Demand,Android,Social,1,1,1,0,1,0,0,0.0,2025-02,0,0,1,0,1,0,4
U11228,2025-01-10,Supply,Ios,Paid Search,1,1,0,1,1,1,1,929.0,2025-01,0,1,0,0,0,0,6
U11229,2025-04-20,Demand,Android,Partner,1,1,1,0,1,0,0,0.0,2025-04,0,0,1,0,1,0,4
U11230,2025-06-11,Demand,Android,Organic,1,1,1,0,0,0,0,0.0,2025-06,0,0,1,1,0,0,3
U11231,2025-05-04,Demand,Ios,Paid Search,1,1,1,1,1,1,1,3680.0,2025-05,0,0,0,0,0,0,7
U11232,2025-03-28,Demand,Ios,Organic,1,1,1,0,0,0,0,0.0,2025-03,0,0,1,1,0,0,3
U11233,2025-02-24,Supply,Web,Organic,1,1,0,1,1,1,1,535.0,2025-02,0,1,0,0,0,0,6
U11234,2025-02-01,Supply,Ios,Organic,1,1,1,1,1,1,1,1520.0,2025-02,0,0,0,0,0,0,7
U11235,2025-06-27,Supply,Ios,Partner,1,1,1,1,1,1,1,0.0,2025-06,0,0,0,0,0,0,7
U11236,2025-05-15,Demand,Web,Social,1,0,0,0,0,0,0,0.0,2025-05,1,0,0,0,0,0,1
U11237,2025-04-03,Supply,Web,Social,1,1,1,0,0,0,0,0.0,2025-04,0,0,1,0,0,0,3
U11238,2025-01-08,Supply,Android,Paid Search,1,0,0,0,0,0,0,0.0,2025-01,1,0,0,0,0,0,1
U11239,2025-03-06,Demand,Web,Referral,1,0,0,0,0,0,0,0.0,2025-03,1,0,0,0,0,0,1
U11240,2025-02-26,Supply,Android,Organic,1,1,0,1,1,0,0,0.0,2025-02,0,1,0,0,1,0,4
U11241,2025-03-08,Demand,Web,Referral,1,1,1,0,0,0,0,0.0,2025-03,0,0,1,1,0,0,3
U11242,2025-03-13,Demand,Android,Referral,1,0,0,0,0,0,0,0.0,2025-03,1,0,0,0,0,0,1
U11243,2025-02-23,Demand,Android,Social,1,1,1,0,1,0,0,0.0,2025-02,0,0,1,0,1,0,4
U11244,2025-03-08,Supply,Android,Paid Search,1,1,0,0,0,0,0,0.0,2025-03,0,1,1,0,0,0,2
U11245,2025-02-20,Supply,Ios,Organic,1,1,1,1,0,0,0,0.0,2025-02,0,0,0,1,0,0,4
U11246,2025-04-07,Demand,Android,Organic,1,1,1,0,1,0,0,0.0,2025-04,0,0,1,0,1,0,4
U11247,2025-04-02,Demand,Android,Organic,1,1,1,1,0,0,0,0.0,2025-04,0,0,0,1,0,0,4
U11248,2025-01-08,Demand,Ios,Referral,1,1,1,1,0,0,0,0.0,2025-01,0,0,0,1,0,0,4
U11249,2025-06-11,Supply,Web,Partner,1,1,0,1,1,1,1,976.0,2025-06,0,1,0,0,0,0,6
U11250,2025-02-04,Demand,Android,Paid Search,1,1,1,0,1,1,1,3664.0,2025-02,0,0,1,0,0,0,6
U11251,2025-04-06,Demand,Android,Social,1,1,1,0,1,0,0,0.0,2025-04,0,0,1,0,1,0,4
U11252,2025-03-29,Demand,Android,Referral,1,1,1,1,0,0,0,0.0,2025-03,0,0,0,1,0,0,4
U11253,2025-03-19,Demand,Android,Referral,1,1,1,0,1,0,0,0.0,2025-03,0,0,1,0,1,0,4
U11254,2025-02-01,Demand,Web,Organic,1,0,0,0,0,0,0,0.0,2025-02,1,0,0,0,0,0,1
U11255,2025-04-30,Demand,Web,Social,1,1,1,0,0,0,0,0.0,2025-04,0,0,1,1,0,0,3
U11256,2025-02-15,Supply,Ios,Social,1,1,0,1,1,1,1,2247.0,2025-02,0,1,0,0,0,0,6
U11257,2025-05-24,Demand,Android,Organic,1,1,1,0,1,0,0,0.0,2025-05,0,0,1,0,1,0,4
U11258,2025-06-14,Supply,Web,Paid Search,1,1,1,1,1,1,0,756.0,2025-06,0,0,0,0,0,1,6
U11259,2025-05-22,Supply,Ios,Paid Search,1,1,0,0,0,0,0,0.0,2025-05,0,1,1,0,0,0,2
U11260,2025-02-24,Supply,Web,Paid Search,1,0,0,0,0,0,0,0.0,2025-02,1,0,0,0,0,0,1
U11261,2025-06-25,Supply,Ios,Partner,1,1,1,0,0,0,0,0.0,2025-06,0,0,1,0,0,0,3
U11262,2025-01-07,Supply,Web,Paid Search,1,0,0,0,0,0,0,0.0,2025-01,1,0,0,0,0,0,1
U11263,2025-03-15,Supply,Ios,Paid Search,1,1,0,0,0,0,0,0.0,2025-03,0,1,1,0,0,0,2
U11264,2025-01-07,Demand,Android,Organic,1,1,1,0,0,0,0,0.0,2025-01,0,0,1,1,0,0,3
U11265,2025-06-10,Demand,Web,Organic,1,1,1,0,0,0,0,0.0,2025-06,0,0,1,1,0,0,3
U11266,2025-05-31,Supply,Ios,Organic,1,0,0,0,0,0,0,0.0,2025-05,1,0,0,0,0,0,1
U11267,2025-03-26,Demand,Ios,Organic,1,1,1,0,0,0,0,0.0,2025-03,0,0,1,1,0,0,3
U11268,2025-05-27,Demand,Android,Social,1,1,1,1,1,1,1,4992.0,2025-05,0,0,0,0,0,0,7
U11269,2025-04-22,Supply,Ios,Social,1,1,1,0,0,0,0,0.0,2025-04,0,0,1,0,0,0,3
U11270,2025-05-05,Supply,Ios,Organic,1,1,0,1,0,0,0,0.0,2025-05,0,1,0,1,0,0,3
U11271,2025-05-27,Demand,Android,Social,1,1,1,1,1,1,0,4158.0,2025-05,0,0,0,0,0,1,6
U11272,2025-02-05,Demand,Android,Organic,1,0,0,0,0,0,0,0.0,2025-02,1,0,0,0,0,0,1
U11273,2025-01-29,Demand,Ios,Referral,1,1,1,0,1,1,1,4384.0,2025-01,0,0,1,0,0,0,6
U11274,2025-03-23,Supply,Ios,Organic,1,1,1,0,0,0,0,0.0,2025-03,0,0,1,0,0,0,3
U11275,2025-01-02,Supply,Ios,Referral,1,1,1,1,1,1,1,2666.0,2025-01,0,0,0,0,0,0,7
U11276,2025-05-09,Supply,Android,Organic,1,1,1,0,0,0,0,0.0,2025-05,0,0,1,0,0,0,3
U11277,2025-02-16,Supply,Ios,Paid Search,1,1,0,1,0,0,0,0.0,2025-02,0,1,0,1,0,0,3
U11278,2025-05-28,Supply,Android,Referral,1,1,1,1,1,1,1,4822.0,2025-05,0,0,0,0,0,0,7
U11279,2025-01-11,Supply,Android,Partner,1,1,1,1,0,0,0,0.0,2025-01,0,0,0,1,0,0,4
U11280,2025-05-10,Demand,Android,Organic,1,1,0,0,0,0,0,0.0,2025-05,0,1,1,0,0,0,2
U11281,2025-04-29,Demand,Android,Organic,1,0,0,0,0,0,0,0.0,2025-04,1,0,0,0,0,0,1
U11282,2025-05-20,Supply,Android,Organic,1,0,0,0,0,0,0,0.0,2025-05,1,0,0,0,0,0,1
U11283,2025-01-20,Demand,Android,Paid Search,1,1,1,0,1,1,1,2086.0,2025-01,0,0,1,0,0,0,6
U11284,2025-01-05,Supply,Android,Organic,1,1,0,1,1,1,1,1714.0,2025-01,0,1,0,0,0,0,6
U11285,2025-02-06,Demand,Android,Social,1,0,0,0,0,0,0,0.0,2025-02,1,0,0,0,0,0,1
U11286,2025-06-15,Supply,Ios,Paid Search,1,1,1,0,0,0,0,0.0,2025-06,0,0,1,0,0,0,3
U11287,2025-05-17,Demand,Ios,Paid Search,1,1,1,0,1,1,1,3698.0,2025-05,0,0,1,0,0,0,6
U11288,2025-02-22,Demand,Android,Paid Search,1,0,0,0,0,0,0,0.0,2025-02,1,0,0,0,0,0,1
U11289,2025-06-21,Demand,Web,Organic,1,1,0,1,0,0,0,0.0,2025-06,0,1,0,0,0,0,3
U11290,2025-04-09,Supply,Android,Organic,1,1,0,1,0,0,0,0.0,2025-04,0,1,0,1,0,0,3
U11291,2025-03-27,Demand,Ios,Referral,1,1,1,0,0,0,0,0.0,2025-03,0,0,1,1,0,0,3
U11292,2025-04-18,Supply,Android,Paid Search,1,1,0,1,1,1,1,3701.0,2025-04,0,1,0,0,0,0,6
U11293,2025-01-24,Demand,Android,Organic,1,1,1,0,1,1,1,2145.0,2025-01,0,0,1,0,0,0,6
U11294,2025-03-22,Demand,Ios,Organic,1,1,1,1,0,0,0,0.0,2025-03,0,0,0,1,0,0,4
U11295,2025-06-07,Supply,Ios,Partner,1,1,1,1,1,1,0,2895.0,2025-06,0,0,0,0,0,1,6
U11296,2025-04-30,Demand,Web,Organic,1,1,1,0,1,1,1,2536.0,2025-04,0,0,1,0,0,0,6
U11297,2025-02-28,Demand,Ios,Social,1,1,1,0,1,1,1,4052.0,2025-02,0,0,1,0,0,0,6
U11298,2025-05-08,Supply,Web,Social,1,1,0,1,0,0,0,0.0,2025-05,0,1,0,1,0,0,3
U11299,2025-04-24,Demand,Android,Referral,1,1,1,0,1,1,1,4246.0,2025-04,0,0,1,0,0,0,6
U11300,2025-04-25,Supply,Android,Organic,1,1,0,0,0,0,0,0.0,2025-04,0,1,1,0,0,0,2
U11301,2025-01-14,Demand,Android,Organic,1,0,0,0,0,0,0,0.0,2025-01,1,0,0,0,0,0,1
U11302,2025-01-09,Demand,Android,Paid Search,1,1,1,0,1,0,0,0.0,2025-01,0,0,1,0,1,0,4
U11303,2025-02-09,Demand,Ios,Paid Search,1,1,1,1,1,1,1,4956.0,2025-02,0,0,0,0,0,0,7
U11304,2025-01-25,Demand,Ios,Social,1,1,1,0,1,1,1,4777.0,2025-01,0,0,1,0,0,0,6
U11305,2025-04-13,Demand,Android,Partner,1,1,1,0,0,0,0,0.0,2025-04,0,0,1,1,0,0,3
U11306,2025-01-22,Supply,Web,Paid Search,1,1,0,0,0,0,0,0.0,2025-01,0,1,1,0,0,0,2
U11307,2025-01-04,Demand,Web,Organic,1,1,1,0,1,1,1,2568.0,2025-01,0,0,1,0,0,0,6
U11308,2025-06-03,Supply,Android,Organic,1,1,1,1,1,0,0,0.0,2025-06,0,0,0,0,1,0,5
U11309,2025-01-29,Demand,Android,Social,1,1,1,0,1,0,0,0.0,2025-01,0,0,1,0,1,0,4
U11310,2025-04-19,Supply,Android,Organic,1,0,0,0,0,0,0,0.0,2025-04,1,0,0,0,0,0,1
U11311,2025-04-08,Supply,Android,Organic,1,1,1,1,1,1,1,1647.0,2025-04,0,0,0,0,0,0,7
U11312,2025-02-06,Demand,Android,Social,1,1,1,0,0,0,0,0.0,2025-02,0,0,1,1,0,0,3
U11313,2025-03-16,Supply,Ios,Referral,1,1,0,0,0,0,0,0.0,2025-03,0,1,1,0,0,0,2
U11314,2025-03-11,Demand,Android,Partner,1,1,1,1,1,1,0,2113.0,2025-03,0,0,0,0,0,1,6
U11315,2025-05-26,Supply,Android,Paid Search,1,0,0,0,0,0,0,0.0,2025-05,1,0,0,0,0,0,1
U11316,2025-05-08,Supply,Web,Organic,1,1,1,1,1,1,0,2234.0,2025-05,0,0,0,0,0,1,6
U11317,2025-03-26,Demand,Ios,Partner,1,1,1,0,1,1,1,4048.0,2025-03,0,0,1,0,0,0,6
U11318,2025-02-11,Supply,Web,Organic,1,1,1,1,0,0,0,0.0,2025-02,0,0,0,1,0,0,4
U11319,2025-04-10,Supply,Android,Referral,1,1,1,1,0,0,0,0.0,2025-04,0,0,0,1,0,0,4
U11320,2025-02-10,Demand,Android,Referral,1,1,0,0,0,0,0,0.0,2025-02,0,1,1,0,0,0,2
U11321,2025-06-15,Supply,Ios,Organic,1,1,1,1,0,0,0,0.0,2025-06,0,0,0,1,0,0,4
U11322,2025-02-03,Demand,Android,Paid Search,1,0,0,0,0,0,0,0.0,2025-02,1,0,0,0,0,0,1
U11323,2025-01-17,Supply,Android,Organic,1,1,1,1,1,1,1,1252.0,2025-01,0,0,0,0,0,0,7
U11324,2025-06-14,Supply,Ios,Referral,1,1,0,1,1,0,0,0.0,2025-06,0,1,0,0,1,0,4
U11325,2025-06-02,Demand,Ios,Referral,1,1,1,1,1,1,1,1841.0,2025-06,0,0,0,0,0,0,7
U11326,2025-05-02,Supply,Android,Social,1,1,1,1,0,0,0,0.0,2025-05,0,0,0,1,0,0,4
U11327,2025-03-17,Supply,Ios,Social,1,1,1,0,0,0,0,0.0,2025-03,0,0,1,0,0,0,3
U11328,2025-03-28,Supply,Android,Organic,1,1,1,1,1,0,0,0.0,2025-03,0,0,0,0,1,0,5
U11329,2025-04-27,Supply,Android,Referral,1,1,0,1,0,0,0,0.0,2025-04,0,1,0,1,0,0,3
U11330,2025-04-16,Demand,Android,Referral,1,1,1,1,0,0,0,0.0,2025-04,0,0,0,1,0,0,4
U11331,2025-03-27,Supply,Android,Organic,1,0,0,0,0,0,0,0.0,2025-03,1,0,0,0,0,0,1
U11332,2025-01-27,Demand,Android,Social,1,1,1,0,0,0,0,0.0,2025-01,0,0,1,1,0,0,3
U11333,2025-02-26,Demand,Web,Social,1,0,0,0,0,0,0,0.0,2025-02,1,0,0,0,0,0,1
U11334,2025-01-31,Supply,Ios,Organic,1,1,1,1,0,0,0,0.0,2025-01,0,0,0,1,0,0,4
U11335,2025-05-14,Demand,Ios,Referral,1,1,1,0,0,0,0,0.0,2025-05,0,0,1,1,0,0,3
U11336,2025-06-17,Supply,Android,Organic,1,1,0,1,0,0,0,0.0,2025-06,0,1,0,1,0,0,3
U11337,2025-04-08,Demand,Android,Paid Search,1,1,1,0,0,0,0,0.0,2025-04,0,0,1,1,0,0,3
U11338,2025-01-12,Supply,Android,Organic,1,1,0,0,0,0,0,0.0,2025-01,0,1,1,0,0,0,2
U11339,2025-02-22,Demand,Android,Partner,1,1,1,0,0,0,0,0.0,2025-02,0,0,1,1,0,0,3
U11340,2025-05-18,Demand,Android,Social,1,1,1,0,1,0,0,0.0,2025-05,0,0,1,0,1,0,4
U11341,2025-06-22,Supply,Web,Referral,1,1,1,1,1,0,0,0.0,2025-06,0,0,0,0,1,0,5
U11342,2025-05-25,Demand,Ios,Paid Search,1,1,1,1,1,1,1,3293.0,2025-05,0,0,0,0,0,0,7
U11343,2025-06-03,Demand,Ios,Partner,1,1,0,1,0,0,0,0.0,2025-06,0,1,0,0,0,0,3
U11344,2025-05-02,Supply,Android,Paid Search,1,1,0,1,1,0,0,0.0,2025-05,0,1,0,0,1,0,4
U11345,2025-02-15,Supply,Web,Organic,1,1,1,0,0,0,0,0.0,2025-02,0,0,1,0,0,0,3
U11346,2025-03-05,Demand,Android,Referral,1,1,1,0,1,1,1,799.0,2025-03,0,0,1,0,0,0,6
U11347,2025-05-10,Demand,Android,Social,1,1,1,0,0,0,0,0.0,2025-05,0,0,1,1,0,0,3
U11348,2025-02-23,Demand,Android,Paid Search,1,1,0,0,0,0,0,0.0,2025-02,0,1,1,0,0,0,2
U11349,2025-04-17,Demand,Web,Paid Search,1,0,0,0,0,0,0,0.0,2025-04,1,0,0,0,0,0,1
U11350,2025-02-20,Demand,Web,Social,1,1,1,0,0,0,0,0.0,2025-02,0,0,1,1,0,0,3
U11351,2025-02-05,Demand,Android,Partner,1,0,0,0,0,0,0,0.0,2025-02,1,0,0,0,0,0,1
U11352,2025-04-25,Supply,Web,Partner,1,0,0,0,0,0,0,0.0,2025-04,1,0,0,0,0,0,1
U11353,2025-01-26,Supply,Web,Organic,1,1,1,0,0,0,0,0.0,2025-01,0,0,1,0,0,0,3
U11354,2025-01-29,Demand,Android,Paid Search,1,1,1,0,0,0,0,0.0,2025-01,0,0,1,1,0,0,3
U11355,2025-05-29,Demand,Android,Social,1,1,1,0,0,0,0,0.0,2025-05,0,0,1,1,0,0,3
U11356,2025-01-11,Supply,Android,Social,1,1,0,1,1,1,1,3363.0,2025-01,0,1,0,0,0,0,6
U11357,2025-02-09,Supply,Web,Paid Search,1,1,0,1,0,0,0,0.0,2025-02,0,1,0,1,0,0,3
U11358,2025-01-11,Demand,Android,Organic,1,1,0,0,0,0,0,0.0,2025-01,0,1,1,0,0,0,2
U11359,2025-06-13,Demand,Web,Social,1,1,1,0,1,1,0,1028.0,2025-06,0,0,1,0,0,1,5
U11360,2025-04-23,Supply,Android,Social,1,0,0,0,0,0,0,0.0,2025-04,1,0,0,0,0,0,1
U11361,2025-02-08,Demand,Ios,Organic,1,1,1,0,1,1,1,2424.0,2025-02,0,0,1,0,0,0,6
U11362,2025-02-23,Supply,Android,Referral,1,1,1,1,0,0,0,0.0,2025-02,0,0,0,1,0,0,4
U11363,2025-04-08,Supply,Ios,Organic,1,1,1,1,0,0,0,0.0,2025-04,0,0,0,1,0,0,4
U11364,2025-02-24,Supply,Web,Referral,1,0,0,0,0,0,0,0.0,2025-02,1,0,0,0,0,0,1
U11365,2025-04-21,Supply,Web,Organic,1,1,1,1,1,1,1,2862.0,2025-04,0,0,0,0,0,0,7
U11366,2025-06-01,Demand,Web,Referral,1,0,0,0,0,0,0,0.0,2025-06,1,0,0,0,0,0,1
U11367,2025-05-30,Supply,Android,Paid Search,1,1,0,1,0,0,0,0.0,2025-05,0,1,0,1,0,0,3
U11368,2025-03-10,Demand,Ios,Paid Search,1,1,1,1,1,0,0,0.0,2025-03,0,0,0,0,1,0,5
U11369,2025-02-25,Demand,Android,Paid Search,1,1,1,1,1,1,0,567.0,2025-02,0,0,0,0,0,1,6
U11370,2025-02-02,Supply,Android,Social,1,1,0,1,0,0,0,0.0,2025-02,0,1,0,1,0,0,3
U11371,2025-02-05,Demand,Ios,Organic,1,1,1,0,1,1,1,1520.0,2025-02,0,0,1,0,0,0,6
U11372,2025-05-28,Demand,Android,Organic,1,1,0,1,0,0,0,0.0,2025-05,0,1,0,0,0,0,3
U11373,2025-03-22,Demand,Ios,Social,1,1,1,1,1,0,0,0.0,2025-03,0,0,0,0,1,0,5
U11374,2025-04-19,Supply,Web,Organic,1,0,0,0,0,0,0,0.0,2025-04,1,0,0,0,0,0,1
U11375,2025-06-03,Demand,Android,Partner,1,1,1,0,0,0,0,0.0,2025-06,0,0,1,1,0,0,3
U11376,2025-03-14,Demand,Ios,Social,1,0,0,0,0,0,0,0.0,2025-03,1,0,0,0,0,0,1
U11377,2025-02-09,Supply,Android,Paid Search,1,1,0,1,0,0,0,0.0,2025-02,0,1,0,1,0,0,3
U11378,2025-01-17,Supply,Android,Partner,1,1,0,1,1,1,1,1742.0,2025-01,0,1,0,0,0,0,6
U11379,2025-05-09,Demand,Android,Organic,1,1,1,1,0,0,0,0.0,2025-05,0,0,0,1,0,0,4
U11380,2025-03-02,Demand,Web,Referral,1,1,0,0,0,0,0,0.0,2025-03,0,1,1,0,0,0,2
U11381,2025-06-20,Supply,Web,Paid Search,1,1,0,1,1,1,0,3094.0,2025-06,0,1,0,0,0,1,5
U11382,2025-04-14,Demand,Web,Referral,1,1,1,0,1,1,1,4437.0,2025-04,0,0,1,0,0,0,6
U11383,2025-02-11,Supply,Web,Partner,1,1,0,1,0,0,0,0.0,2025-02,0,1,0,1,0,0,3
U11384,2025-01-25,Demand,Android,Organic,1,1,1,0,1,1,1,1815.0,2025-01,0,0,1,0,0,0,6
U11385,2025-02-08,Supply,Android,Paid Search,1,1,0,0,0,0,0,0.0,2025-02,0,1,1,0,0,0,2
U11386,2025-02-04,Demand,Ios,Paid Search,1,0,0,0,0,0,0,0.0,2025-02,1,0,0,0,0,0,1
U11387,2025-05-11,Supply,Ios,Paid Search,1,1,0,1,1,1,1,2951.0,2025-05,0,1,0,0,0,0,6
U11388,2025-04-18,Supply,Android,Organic,1,1,0,1,1,1,1,2248.0,2025-04,0,1,0,0,0,0,6
U11389,2025-06-21,Supply,Android,Referral,1,1,0,1,0,0,0,0.0,2025-06,0,1,0,1,0,0,3
U11390,2025-06-28,Supply,Ios,Social,1,1,1,1,1,1,1,2693.0,2025-06,0,0,0,0,0,0,7
U11391,2025-04-12,Demand,Ios,Organic,1,1,1,0,0,0,0,0.0,2025-04,0,0,1,1,0,0,3
U11392,2025-04-08,Supply,Android,Social,1,1,0,1,0,0,0,0.0,2025-04,0,1,0,1,0,0,3
U11393,2025-01-12,Demand,Android,Paid Search,1,1,1,0,1,0,0,0.0,2025-01,0,0,1,0,1,0,4
U11394,2025-01-19,Supply,Ios,Social,1,1,0,1,0,0,0,0.0,2025-01,0,1,0,1,0,0,3
U11395,2025-04-11,Supply,Ios,Social,1,1,1,1,1,1,0,3262.0,2025-04,0,0,0,0,0,1,6
U11396,2025-02-13,Supply,Android,Organic,1,1,0,0,0,0,0,0.0,2025-02,0,1,1,0,0,0,2
U11397,2025-02-18,Supply,Ios,Paid Search,1,1,1,1,0,0,0,0.0,2025-02,0,0,0,1,0,0,4
U11398,2025-01-17,Supply,Android,Social,1,0,0,0,0,0,0,0.0,2025-01,1,0,0,0,0,0,1
U11399,2025-03-15,Supply,Android,Referral,1,1,1,0,0,0,0,0.0,2025-03,0,0,1,0,0,0,3
U11400,2025-02-26,Demand,Web,Partner,1,1,1,0,1,1,1,2154.0,2025-02,0,0,1,0,0,0,6
U11401,2025-02-24,Supply,Ios,Referral,1,0,0,0,0,0,0,0.0,2025-02,1,0,0,0,0,0,1
U11402,2025-02-16,Demand,Android,Organic,1,0,0,0,0,0,0,0.0,2025-02,1,0,0,0,0,0,1
U11403,2025-01-12,Demand,Ios,Referral,1,1,1,0,1,0,0,0.0,2025-01,0,0,1,0,1,0,4
U11404,2025-03-03,Supply,Ios,Partner,1,1,1,0,0,0,0,0.0,2025-03,0,0,1,0,0,0,3
U11405,2025-03-21,Demand,Web,Referral,1,0,0,0,0,0,0,0.0,2025-03,1,0,0,0,0,0,1
U11406,2025-03-24,Demand,Ios,Social,1,1,1,0,0,0,0,0.0,2025-03,0,0,1,1,0,0,3
U11407,2025-01-08,Demand,Ios,Partner,1,0,0,0,0,0,0,0.0,2025-01,1,0,0,0,0,0,1
U11408,2025-05-29,Demand,Ios,Referral,1,1,1,0,0,0,0,0.0,2025-05,0,0,1,1,0,0,3
U11409,2025-03-22,Supply,Android,Organic,1,1,1,0,0,0,0,0.0,2025-03,0,0,1,0,0,0,3
U11410,2025-04-28,Demand,Android,Social,1,1,0,1,0,0,0,0.0,2025-04,0,1,0,0,0,0,3
U11411,2025-01-25,Demand,Android,Referral,1,1,1,0,0,0,0,0.0,2025-01,0,0,1,1,0,0,3
U11412,2025-03-30,Demand,Ios,Social,1,0,0,0,0,0,0,0.0,2025-03,1,0,0,0,0,0,1
U11413,2025-01-12,Demand,Ios,Referral,1,0,0,0,0,0,0,0.0,2025-01,1,0,0,0,0,0,1
U11414,2025-05-23,Supply,Android,Paid Search,1,1,0,1,1,1,1,4479.0,2025-05,0,1,0,0,0,0,6
U11415,2025-02-28,Supply,Android,Social,1,1,1,1,1,1,1,4323.0,2025-02,0,0,0,0,0,0,7
U11416,2025-06-03,Demand,Ios,Referral,1,0,0,0,0,0,0,0.0,2025-06,1,0,0,0,0,0,1
U11417,2025-04-19,Demand,Android,Referral,1,1,1,0,0,0,0,0.0,2025-04,0,0,1,1,0,0,3
U11418,2025-01-26,Supply,Ios,Referral,1,1,1,0,0,0,0,0.0,2025-01,0,0,1,0,0,0,3
U11419,2025-02-16,Supply,Android,Referral,1,1,0,0,0,0,0,0.0,2025-02,0,1,1,0,0,0,2
U11420,2025-02-01,Supply,Ios,Paid Search,1,1,0,1,1,0,0,0.0,2025-02,0,1,0,0,1,0,4
U11421,2025-01-10,Supply,Web,Social,1,1,0,1,0,0,0,0.0,2025-01,0,1,0,1,0,0,3
U11422,2025-01-16,Demand,Android,Referral,1,1,1,1,1,0,0,0.0,2025-01,0,0,0,0,1,0,5
U11423,2025-05-25,Demand,Android,Paid Search,1,1,0,0,0,0,0,0.0,2025-05,0,1,1,0,0,0,2
U11424,2025-05-31,Supply,Android,Paid Search,1,0,0,0,0,0,0,0.0,2025-05,1,0,0,0,0,0,1
U11425,2025-01-26,Supply,Ios,Organic,1,1,1,1,0,0,0,0.0,2025-01,0,0,0,1,0,0,4
U11426,2025-03-27,Supply,Ios,Organic,1,1,0,1,1,1,1,4322.0,2025-03,0,1,0,0,0,0,6
U11427,2025-05-15,Supply,Android,Partner,1,1,1,1,1,0,0,0.0,2025-05,0,0,0,0,1,0,5
U11428,2025-01-14,Demand,Ios,Social,1,1,1,0,1,1,1,2692.0,2025-01,0,0,1,0,0,0,6
U11429,2025-03-20,Demand,Web,Paid Search,1,1,1,0,0,0,0,0.0,2025-03,0,0,1,1,0,0,3
U11430,2025-04-27,Demand,Android,Paid Search,1,1,1,0,1,1,1,1591.0,2025-04,0,0,1,0,0,0,6
U11431,2025-01-07,Supply,Android,Organic,1,1,0,1,1,1,1,1199.0,2025-01,0,1,0,0,0,0,6
U11432,2025-05-17,Demand,Web,Paid Search,1,1,1,0,1,0,0,0.0,2025-05,0,0,1,0,1,0,4
U11433,2025-04-25,Demand,Ios,Paid Search,1,1,0,1,0,0,0,0.0,2025-04,0,1,0,0,0,0,3
U11434,2025-06-25,Demand,Web,Paid Search,1,1,1,0,1,1,1,2678.0,2025-06,0,0,1,0,0,0,6
U11435,2025-03-13,Demand,Ios,Referral,1,1,1,0,0,0,0,0.0,2025-03,0,0,1,1,0,0,3
U11436,2025-02-28,Supply,Web,Organic,1,1,1,1,1,1,1,1012.0,2025-02,0,0,0,0,0,0,7
U11437,2025-03-23,Supply,Android,Organic,1,1,0,1,0,0,0,0.0,2025-03,0,1,0,1,0,0,3
U11438,2025-04-26,Supply,Ios,Partner,1,1,0,1,0,0,0,0.0,2025-04,0,1,0,1,0,0,3
U11439,2025-06-16,Supply,Web,Referral,1,0,0,0,0,0,0,0.0,2025-06,1,0,0,0,0,0,1
U11440,2025-05-26,Supply,Ios,Referral,1,0,0,0,0,0,0,0.0,2025-05,1,0,0,0,0,0,1
U11441,2025-04-13,Demand,Android,Organic,1,1,0,0,0,0,0,0.0,2025-04,0,1,1,0,0,0,2
U11442,2025-01-17,Demand,Android,Organic,1,1,0,0,0,0,0,0.0,2025-01,0,1,1,0,0,0,2
U11443,2025-01-14,Demand,Android,Social,1,1,1,0,1,0,0,0.0,2025-01,0,0,1,0,1,0,4
U11444,2025-06-08,Supply,Android,Paid Search,1,0,0,0,0,0,0,0.0,2025-06,1,0,0,0,0,0,1
U11445,2025-06-01,Demand,Android,Paid Search,1,1,1,0,1,1,1,1354.0,2025-06,0,0,1,0,0,0,6
U11446,2025-04-18,Demand,Ios,Organic,1,1,1,0,1,1,0,3712.0,2025-04,0,0,1,0,0,1,5
U11447,2025-02-14,Demand,Ios,Social,1,1,1,0,1,0,0,0.0,2025-02,0,0,1,0,1,0,4
U11448,2025-04-08,Demand,Android,Organic,1,1,1,0,1,1,1,3268.0,2025-04,0,0,1,0,0,0,6
U11449,2025-05-11,Demand,Ios,Organic,1,0,0,0,0,0,0,0.0,2025-05,1,0,0,0,0,0,1
U11450,2025-02-06,Demand,Android,Referral,1,1,0,0,0,0,0,0.0,2025-02,0,1,1,0,0,0,2
U11451,2025-06-20,Supply,Android,Referral,1,1,1,1,1,1,1,3728.0,2025-06,0,0,0,0,0,0,7
U11452,2025-06-17,Supply,Android,Organic,1,1,1,1,1,1,1,2119.0,2025-06,0,0,0,0,0,0,7
U11453,2025-04-18,Supply,Ios,Paid Search,1,1,0,1,0,0,0,0.0,2025-04,0,1,0,1,0,0,3
U11454,2025-02-08,Supply,Android,Paid Search,1,1,0,1,1,1,1,4603.0,2025-02,0,1,0,0,0,0,6
U11455,2025-01-15,Supply,Android,Social,1,1,1,0,0,0,0,0.0,2025-01,0,0,1,0,0,0,3
U11456,2025-04-30,Demand,Android,Referral,1,0,0,0,0,0,0,0.0,2025-04,1,0,0,0,0,0,1
U11457,2025-01-04,Demand,Web,Organic,1,1,1,0,0,0,0,0.0,2025-01,0,0,1,1,0,0,3
U11458,2025-04-03,Demand,Android,Organic,1,1,1,0,1,1,1,1309.0,2025-04,0,0,1,0,0,0,6
U11459,2025-06-02,Supply,Ios,Partner,1,0,0,0,0,0,0,0.0,2025-06,1,0,0,0,0,0,1
U11460,2025-05-21,Demand,Ios,Paid Search,1,1,1,0,0,0,0,0.0,2025-05,0,0,1,1,0,0,3
U11461,2025-06-10,Demand,Web,Social,1,1,1,0,1,1,1,1361.0,2025-06,0,0,1,0,0,0,6
U11462,2025-01-16,Supply,Web,Organic,1,1,0,1,1,1,1,536.0,2025-01,0,1,0,0,0,0,6
U11463,2025-06-19,Demand,Android,Paid Search,1,0,0,0,0,0,0,0.0,2025-06,1,0,0,0,0,0,1
U11464,2025-04-18,Supply,Android,Organic,1,1,0,0,0,0,0,0.0,2025-04,0,1,1,0,0,0,2
U11465,2025-05-06,Supply,Web,Paid Search,1,0,0,0,0,0,0,0.0,2025-05,1,0,0,0,0,0,1
U11466,2025-02-24,Demand,Android,Partner,1,1,1,0,0,0,0,0.0,2025-02,0,0,1,1,0,0,3
U11467,2025-06-19,Supply,Ios,Partner,1,1,0,1,1,0,0,0.0,2025-06,0,1,0,0,1,0,4
U11468,2025-02-03,Demand,Ios,Paid Search,1,1,1,0,1,1,1,3711.0,2025-02,0,0,1,0,0,0,6
U11469,2025-06-07,Demand,Ios,Referral,1,1,1,1,0,0,0,0.0,2025-06,0,0,0,1,0,0,4
U11470,2025-01-13,Demand,Web,Partner,1,1,1,1,1,1,1,1481.0,2025-01,0,0,0,0,0,0,7
U11471,2025-05-21,Supply,Web,Paid Search,1,1,0,1,1,1,1,4891.0,2025-05,0,1,0,0,0,0,6
U11472,2025-01-18,Supply,Ios,Organic,1,0,0,0,0,0,0,0.0,2025-01,1,0,0,0,0,0,1
U11473,2025-06-09,Supply,Android,Referral,1,1,1,1,1,1,1,3794.0,2025-06,0,0,0,0,0,0,7
U11474,2025-04-06,Demand,Web,Organic,1,1,1,0,1,1,1,1099.0,2025-04,0,0,1,0,0,0,6
U11475,2025-05-03,Supply,Android,Referral,1,1,1,1,1,1,0,1822.0,2025-05,0,0,0,0,0,1,6
U11476,2025-02-08,Supply,Android,Referral,1,1,0,1,1,0,0,0.0,2025-02,0,1,0,0,1,0,4
U11477,2025-02-15,Demand,Web,Paid Search,1,1,1,0,1,1,0,2758.0,2025-02,0,0,1,0,0,1,5
U11478,2025-01-29,Demand,Android,Referral,1,1,1,0,1,0,0,0.0,2025-01,0,0,1,0,1,0,4
U11479,2025-03-03,Supply,Android,Organic,1,1,0,1,1,1,0,3242.0,2025-03,0,1,0,0,0,1,5
U11480,2025-01-16,Demand,Android,Paid Search,1,1,1,0,0,0,0,0.0,2025-01,0,0,1,1,0,0,3
U11481,2025-05-01,Demand,Web,Social,1,1,1,0,0,0,0,0.0,2025-05,0,0,1,1,0,0,3
U11482,2025-01-10,Supply,Ios,Paid Search,1,1,0,1,1,1,1,1702.0,2025-01,0,1,0,0,0,0,6
U11483,2025-06-07,Supply,Ios,Referral,1,1,1,1,1,1,1,2007.0,2025-06,0,0,0,0,0,0,7
U11484,2025-06-02,Demand,Android,Partner,1,1,0,0,0,0,0,0.0,2025-06,0,1,1,0,0,0,2
U11485,2025-04-13,Demand,Ios,Partner,1,1,1,0,1,1,1,4066.0,2025-04,0,0,1,0,0,0,6
U11486,2025-03-25,Demand,Ios,Organic,1,1,1,1,1,1,1,4540.0,2025-03,0,0,0,0,0,0,7
U11487,2025-05-13,Supply,Android,Organic,1,1,0,1,0,0,0,0.0,2025-05,0,1,0,1,0,0,3
U11488,2025-03-06,Supply,Android,Social,1,1,0,1,1,0,0,0.0,2025-03,0,1,0,0,1,0,4
U11489,2025-06-26,Supply,Android,Social,1,1,1,1,1,1,1,1925.0,2025-06,0,0,0,0,0,0,7
U11490,2025-01-03,Supply,Web,Partner,1,1,1,0,0,0,0,0.0,2025-01,0,0,1,0,0,0,3
U11491,2025-06-22,Supply,Ios,Partner,1,1,1,1,0,0,0,0.0,2025-06,0,0,0,1,0,0,4
U11492,2025-05-22,Supply,Web,Paid Search,1,1,0,1,1,0,0,0.0,2025-05,0,1,0,0,1,0,4
U11493,2025-04-30,Demand,Android,Paid Search,1,1,1,0,1,1,1,1099.0,2025-04,0,0,1,0,0,0,6
U11494,2025-06-07,Demand,Web,Organic,1,1,1,0,1,1,1,4517.0,2025-06,0,0,1,0,0,0,6
U11495,2025-03-09,Demand,Ios,Organic,1,0,0,0,0,0,0,0.0,2025-03,1,0,0,0,0,0,1
U11496,2025-05-26,Demand,Ios,Referral,1,1,0,0,0,0,0,0.0,2025-05,0,1,1,0,0,0,2
U11497,2025-02-06,Supply,Web,Paid Search,1,1,1,0,0,0,0,0.0,2025-02,0,0,1,0,0,0,3
U11498,2025-06-02,Demand,Android,Paid Search,1,1,1,1,0,0,0,0.0,2025-06,0,0,0,1,0,0,4
U11499,2025-06-25,Supply,Android,Social,1,0,0,0,0,0,0,0.0,2025-06,1,0,0,0,0,0,1
U11500,2025-03-14,Demand,Ios,Organic,1,1,1,0,1,1,1,2370.0,2025-03,0,0,1,0,0,0,6
U11501,2025-05-23,Demand,Ios,Paid Search,1,1,1,0,1,0,0,0.0,2025-05,0,0,1,0,1,0,4
U11502,2025-02-18,Demand,Ios,Organic,1,0,0,0,0,0,0,0.0,2025-02,1,0,0,0,0,0,1
U11503,2025-05-01,Demand,Android,Referral,1,1,1,0,1,0,0,0.0,2025-05,0,0,1,0,1,0,4
U11504,2025-03-29,Demand,Ios,Social,1,1,1,1,0,0,0,0.0,2025-03,0,0,0,1,0,0,4
U11505,2025-05-20,Supply,Android,Paid Search,1,1,1,1,0,0,0,0.0,2025-05,0,0,0,1,0,0,4
U11506,2025-02-06,Supply,Android,Partner,1,1,0,1,1,0,0,0.0,2025-02,0,1,0,0,1,0,4
U11507,2025-03-02,Demand,Ios,Organic,1,1,0,1,0,0,0,0.0,2025-03,0,1,0,0,0,0,3
U11508,2025-06-20,Supply,Ios,Paid Search,1,1,1,1,1,1,1,4938.0,2025-06,0,0,0,0,0,0,7
U11509,2025-05-04,Demand,Android,Referral,1,1,0,0,0,0,0,0.0,2025-05,0,1,1,0,0,0,2
U11510,2025-02-08,Demand,Android,Referral,1,1,1,0,1,1,1,4447.0,2025-02,0,0,1,0,0,0,6
U11511,2025-03-04,Supply,Android,Social,1,1,0,1,0,0,0,0.0,2025-03,0,1,0,1,0,0,3
U11512,2025-02-15,Demand,Android,Paid Search,1,1,1,0,1,1,1,4037.0,2025-02,0,0,1,0,0,0,6
U11513,2025-03-29,Demand,Web,Partner,1,1,1,0,1,1,1,4674.0,2025-03,0,0,1,0,0,0,6
U11514,2025-01-11,Demand,Web,Organic,1,0,0,0,0,0,0,0.0,2025-01,1,0,0,0,0,0,1
U11515,2025-03-03,Demand,Android,Social,1,1,1,1,1,1,1,4786.0,2025-03,0,0,0,0,0,0,7
U11516,2025-03-18,Demand,Ios,Organic,1,1,1,1,1,0,0,0.0,2025-03,0,0,0,0,1,0,5
U11517,2025-06-02,Demand,Web,Partner,1,1,0,0,0,0,0,0.0,2025-06,0,1,1,0,0,0,2
U11518,2025-02-21,Demand,Web,Referral,1,1,1,0,1,1,1,4081.0,2025-02,0,0,1,0,0,0,6
U11519,2025-01-04,Supply,Android,Referral,1,1,1,1,0,0,0,0.0,2025-01,0,0,0,1,0,0,4
U11520,2025-02-28,Demand,Web,Paid Search,1,1,1,0,1,1,1,1716.0,2025-02,0,0,1,0,0,0,6
U11521,2025-03-13,Demand,Android,Partner,1,1,1,0,1,1,1,4478.0,2025-03,0,0,1,0,0,0,6
U11522,2025-05-28,Supply,Android,Organic,1,1,1,0,0,0,0,0.0,2025-05,0,0,1,0,0,0,3
U11523,2025-04-03,Demand,Android,Referral,1,1,1,1,0,0,0,0.0,2025-04,0,0,0,1,0,0,4
U11524,2025-03-04,Demand,Ios,Social,1,1,0,0,0,0,0,0.0,2025-03,0,1,1,0,0,0,2
U11525,2025-02-23,Supply,Android,Referral,1,1,0,1,1,1,1,4544.0,2025-02,0,1,0,0,0,0,6
U11526,2025-04-27,Demand,Android,Organic,1,1,1,0,1,1,1,1147.0,2025-04,0,0,1,0,0,0,6
U11527,2025-04-20,Demand,Android,Referral,1,1,1,0,0,0,0,0.0,2025-04,0,0,1,1,0,0,3
U11528,2025-03-15,Demand,Web,Referral,1,1,1,0,1,1,1,1318.0,2025-03,0,0,1,0,0,0,6
U11529,2025-04-17,Supply,Web,Partner,1,1,0,1,1,1,0,742.0,2025-04,0,1,0,0,0,1,5
U11530,2025-02-26,Supply,Android,Social,1,1,0,0,0,0,0,0.0,2025-02,0,1,1,0,0,0,2
U11531,2025-06-18,Supply,Web,Paid Search,1,1,0,1,1,1,1,4604.0,2025-06,0,1,0,0,0,0,6
U11532,2025-01-03,Demand,Web,Partner,1,0,0,0,0,0,0,0.0,2025-01,1,0,0,0,0,0,1
U11533,2025-04-30,Supply,Ios,Referral,1,1,0,1,1,1,1,512.0,2025-04,0,1,0,0,0,0,6
U11534,2025-01-06,Demand,Android,Organic,1,1,0,0,0,0,0,0.0,2025-01,0,1,1,0,0,0,2
U11535,2025-01-05,Supply,Ios,Organic,1,0,0,0,0,0,0,0.0,2025-01,1,0,0,0,0,0,1
U11536,2025-01-05,Supply,Web,Referral,1,1,1,0,0,0,0,0.0,2025-01,0,0,1,0,0,0,3
U11537,2025-02-23,Demand,Ios,Organic,1,1,1,0,1,1,1,4240.0,2025-02,0,0,1,0,0,0,6
U11538,2025-02-16,Demand,Android,Partner,1,1,0,0,0,0,0,0.0,2025-02,0,1,1,0,0,0,2
U11539,2025-06-26,Supply,Ios,Social,1,1,1,0,0,0,0,0.0,2025-06,0,0,1,0,0,0,3
U11540,2025-01-09,Supply,Ios,Organic,1,1,1,1,0,0,0,0.0,2025-01,0,0,0,1,0,0,4
U11541,2025-04-09,Supply,Ios,Paid Search,1,1,1,1,0,0,0,0.0,2025-04,0,0,0,1,0,0,4
U11542,2025-01-20,Demand,Android,Social,1,1,1,0,1,1,1,3365.0,2025-01,0,0,1,0,0,0,6
U11543,2025-05-02,Demand,Android,Partner,1,1,0,0,0,0,0,0.0,2025-05,0,1,1,0,0,0,2
U11544,2025-03-02,Supply,Web,Partner,1,1,1,0,0,0,0,0.0,2025-03,0,0,1,0,0,0,3
U11545,2025-05-03,Supply,Web,Paid Search,1,1,1,0,0,0,0,0.0,2025-05,0,0,1,0,0,0,3
U11546,2025-06-12,Supply,Android,Social,1,1,1,1,0,0,0,0.0,2025-06,0,0,0,1,0,0,4
U11547,2025-06-27,Demand,Web,Paid Search,1,1,1,0,0,0,0,0.0,2025-06,0,0,1,1,0,0,3
U11548,2025-03-23,Demand,Android,Paid Search,1,1,0,0,0,0,0,0.0,2025-03,0,1,1,0,0,0,2
U11549,2025-03-03,Supply,Ios,Organic,1,1,0,0,0,0,0,0.0,2025-03,0,1,1,0,0,0,2
U11550,2025-05-25,Demand,Ios,Organic,1,1,1,0,1,1,1,3817.0,2025-05,0,0,1,0,0,0,6
U11551,2025-01-03,Supply,Web,Paid Search,1,1,0,1,0,0,0,0.0,2025-01,0,1,0,1,0,0,3
U11552,2025-06-09,Supply,Web,Organic,1,1,1,1,1,0,0,0.0,2025-06,0,0,0,0,1,0,5
U11553,2025-01-13,Demand,Android,Organic,1,1,1,0,1,1,1,2084.0,2025-01,0,0,1,0,0,0,6
U11554,2025-04-30,Demand,Web,Social,1,1,1,1,0,0,0,0.0,2025-04,0,0,0,1,0,0,4
U11555,2025-05-05,Demand,Android,Organic,1,1,1,0,1,1,1,2585.0,2025-05,0,0,1,0,0,0,6
U11556,2025-03-30,Demand,Ios,Paid Search,1,1,1,1,0,0,0,0.0,2025-03,0,0,0,1,0,0,4
U11557,2025-03-14,Supply,Ios,Paid Search,1,1,1,1,0,0,0,0.0,2025-03,0,0,0,1,0,0,4
U11558,2025-03-09,Demand,Ios,Partner,1,1,1,1,0,0,0,0.0,2025-03,0,0,0,1,0,0,4
U11559,2025-05-22,Supply,Android,Paid Search,1,1,0,0,0,0,0,0.0,2025-05,0,1,1,0,0,0,2
U11560,2025-04-11,Demand,Web,Organic,1,0,0,0,0,0,0,0.0,2025-04,1,0,0,0,0,0,1
U11561,2025-04-08,Supply,Android,Paid Search,1,1,1,0,0,0,0,0.0,2025-04,0,0,1,0,0,0,3
U11562,2025-01-11,Demand,Android,Social,1,0,0,0,0,0,0,0.0,2025-01,1,0,0,0,0,0,1
U11563,2025-04-15,Supply,Ios,Partner,1,0,0,0,0,0,0,0.0,2025-04,1,0,0,0,0,0,1
U11564,2025-03-08,Supply,Android,Referral,1,1,1,0,0,0,0,0.0,2025-03,0,0,1,0,0,0,3
U11565,2025-05-03,Demand,Web,Referral,1,1,1,0,1,1,1,4576.0,2025-05,0,0,1,0,0,0,6
U11566,2025-01-29,Supply,Android,Partner,1,1,1,1,0,0,0,0.0,2025-01,0,0,0,1,0,0,4
U11567,2025-05-17,Demand,Android,Organic,1,0,0,0,0,0,0,0.0,2025-05,1,0,0,0,0,0,1
U11568,2025-06-02,Supply,Web,Paid Search,1,1,0,1,1,0,0,0.0,2025-06,0,1,0,0,1,0,4
U11569,2025-03-17,Supply,Ios,Referral,1,0,0,0,0,0,0,0.0,2025-03,1,0,0,0,0,0,1
U11570,2025-06-19,Supply,Android,Organic,1,1,1,0,0,0,0,0.0,2025-06,0,0,1,0,0,0,3
U11571,2025-01-09,Supply,Ios,Referral,1,1,0,0,0,0,0,0.0,2025-01,0,1,1,0,0,0,2
U11572,2025-02-09,Demand,Ios,Organic,1,1,1,1,0,0,0,0.0,2025-02,0,0,0,1,0,0,4
U11573,2025-01-25,Supply,Ios,Paid Search,1,1,0,1,1,0,0,0.0,2025-01,0,1,0,0,1,0,4
U11574,2025-01-05,Demand,Android,Partner,1,1,1,0,1,1,1,3581.0,2025-01,0,0,1,0,0,0,6
U11575,2025-05-19,Demand,Web,Organic,1,1,1,1,0,0,0,0.0,2025-05,0,0,0,1,0,0,4
U11576,2025-05-04,Supply,Web,Social,1,1,0,0,0,0,0,0.0,2025-05,0,1,1,0,0,0,2
U11577,2025-02-07,Demand,Ios,Organic,1,1,1,0,0,0,0,0.0,2025-02,0,0,1,1,0,0,3
U11578,2025-03-13,Demand,Android,Paid Search,1,1,1,0,1,0,0,0.0,2025-03,0,0,1,0,1,0,4
U11579,2025-05-13,Demand,Web,Organic,1,1,1,0,1,1,1,1288.0,2025-05,0,0,1,0,0,0,6
U11580,2025-06-25,Supply,Ios,Partner,1,1,0,1,0,0,0,0.0,2025-06,0,1,0,1,0,0,3
U11581,2025-03-31,Supply,Ios,Social,1,1,1,1,0,0,0,0.0,2025-03,0,0,0,1,0,0,4
U11582,2025-05-26,Demand,Android,Paid Search,1,1,0,1,0,0,0,0.0,2025-05,0,1,0,0,0,0,3
U11583,2025-02-06,Demand,Web,Social,1,1,1,0,1,0,0,0.0,2025-02,0,0,1,0,1,0,4
U11584,2025-03-01,Demand,Ios,Paid Search,1,1,1,0,1,1,1,3912.0,2025-03,0,0,1,0,0,0,6
U11585,2025-06-25,Supply,Android,Partner,1,1,0,1,1,1,1,3476.0,2025-06,0,1,0,0,0,0,6
U11586,2025-01-28,Demand,Android,Social,1,1,0,1,0,0,0,0.0,2025-01,0,1,0,0,0,0,3
U11587,2025-03-22,Demand,Web,Partner,1,1,1,1,1,1,1,927.0,2025-03,0,0,0,0,0,0,7
U11588,2025-04-24,Demand,Android,Paid Search,1,1,1,0,1,1,1,2444.0,2025-04,0,0,1,0,0,0,6
U11589,2025-02-09,Supply,Web,Organic,1,1,0,1,0,0,0,0.0,2025-02,0,1,0,1,0,0,3
U11590,2025-02-14,Demand,Ios,Paid Search,1,1,1,0,1,0,0,0.0,2025-02,0,0,1,0,1,0,4
U11591,2025-03-03,Supply,Ios,Organic,1,1,1,0,0,0,0,0.0,2025-03,0,0,1,0,0,0,3
U11592,2025-04-03,Supply,Android,Paid Search,1,1,1,1,0,0,0,0.0,2025-04,0,0,0,1,0,0,4
U11593,2025-04-25,Demand,Android,Paid Search,1,0,0,0,0,0,0,0.0,2025-04,1,0,0,0,0,0,1
U11594,2025-03-08,Supply,Web,Paid Search,1,0,0,0,0,0,0,0.0,2025-03,1,0,0,0,0,0,1
U11595,2025-02-25,Supply,Android,Organic,1,1,0,1,1,1,1,2671.0,2025-02,0,1,0,0,0,0,6
U11596,2025-02-09,Supply,Ios,Organic,1,1,0,1,0,0,0,0.0,2025-02,0,1,0,1,0,0,3
U11597,2025-04-08,Demand,Android,Paid Search,1,0,0,0,0,0,0,0.0,2025-04,1,0,0,0,0,0,1
U11598,2025-02-09,Demand,Android,Partner,1,1,1,0,1,0,0,0.0,2025-02,0,0,1,0,1,0,4
U11599,2025-04-01,Supply,Android,Referral,1,1,0,1,0,0,0,0.0,2025-04,0,1,0,1,0,0,3
U11600,2025-02-02,Demand,Ios,Referral,1,1,1,0,1,1,1,1444.0,2025-02,0,0,1,0,0,0,6
U11601,2025-01-06,Demand,Web,Social,1,1,1,0,0,0,0,0.0,2025-01,0,0,1,1,0,0,3
U11602,2025-05-27,Supply,Android,Paid Search,1,0,0,0,0,0,0,0.0,2025-05,1,0,0,0,0,0,1
U11603,2025-03-21,Demand,Android,Referral,1,1,1,0,1,1,1,675.0,2025-03,0,0,1,0,0,0,6
U11604,2025-06-17,Demand,Android,Referral,1,1,1,0,0,0,0,0.0,2025-06,0,0,1,1,0,0,3
U11605,2025-04-02,Demand,Ios,Organic,1,1,0,0,0,0,0,0.0,2025-04,0,1,1,0,0,0,2
U11606,2025-04-07,Supply,Android,Partner,1,1,1,1,0,0,0,0.0,2025-04,0,0,0,1,0,0,4
U11607,2025-02-28,Demand,Web,Organic,1,0,0,0,0,0,0,0.0,2025-02,1,0,0,0,0,0,1
U11608,2025-02-28,Demand,Ios,Referral,1,1,1,0,0,0,0,0.0,2025-02,0,0,1,1,0,0,3
U11609,2025-02-17,Supply,Ios,Organic,1,1,1,0,0,0,0,0.0,2025-02,0,0,1,0,0,0,3
U11610,2025-06-18,Supply,Android,Organic,1,1,0,1,1,1,1,833.0,2025-06,0,1,0,0,0,0,6
U11611,2025-01-13,Supply,Web,Social,1,1,0,1,1,0,0,0.0,2025-01,0,1,0,0,1,0,4
U11612,2025-04-17,Supply,Android,Organic,1,1,1,1,0,0,0,0.0,2025-04,0,0,0,1,0,0,4
U11613,2025-02-14,Demand,Android,Organic,1,1,1,1,0,0,0,0.0,2025-02,0,0,0,1,0,0,4
U11614,2025-03-30,Supply,Ios,Referral,1,1,1,1,0,0,0,0.0,2025-03,0,0,0,1,0,0,4
U11615,2025-06-19,Supply,Ios,Organic,1,1,0,1,1,0,0,0.0,2025-06,0,1,0,0,1,0,4
U11616,2025-04-10,Demand,Android,Organic,1,1,1,0,1,1,1,915.0,2025-04,0,0,1,0,0,0,6
U11617,2025-06-04,Supply,Android,Social,1,1,0,0,0,0,0,0.0,2025-06,0,1,1,0,0,0,2
U11618,2025-06-15,Demand,Web,Social,1,1,1,0,1,0,0,0.0,2025-06,0,0,1,0,1,0,4
U11619,2025-01-07,Supply,Android,Partner,1,1,0,1,1,1,1,3866.0,2025-01,0,1,0,0,0,0,6
U11620,2025-05-13,Supply,Web,Unknown,1,1,0,1,0,0,0,0.0,2025-05,0,1,0,1,0,0,3
U11621,2025-02-14,Supply,Ios,Paid Search,1,1,0,1,0,0,0,0.0,2025-02,0,1,0,1,0,0,3
U11622,2025-02-27,Supply,Android,Organic,1,1,0,0,0,0,0,0.0,2025-02,0,1,1,0,0,0,2
U11623,2025-01-31,Supply,Android,Social,1,1,0,1,1,0,0,0.0,2025-01,0,1,0,0,1,0,4
U11624,2025-01-23,Demand,Android,Social,1,1,1,0,0,0,0,0.0,2025-01,0,0,1,1,0,0,3
U11625,2025-06-19,Demand,Ios,Social,1,1,1,1,1,1,1,2229.0,2025-06,0,0,0,0,0,0,7
U11626,2025-05-18,Supply,Ios,Paid Search,1,1,0,0,0,0,0,0.0,2025-05,0,1,1,0,0,0,2
U11627,2025-06-09,Demand,Android,Organic,1,1,1,1,1,1,1,1541.0,2025-06,0,0,0,0,0,0,7
U11628,2025-04-17,Demand,Ios,Social,1,0,0,0,0,0,0,0.0,2025-04,1,0,0,0,0,0,1
U11629,2025-06-07,Demand,Web,Social,1,1,1,1,0,0,0,0.0,2025-06,0,0,0,1,0,0,4
U11630,2025-02-08,Supply,Android,Partner,1,0,0,0,0,0,0,0.0,2025-02,1,0,0,0,0,0,1
U11631,2025-06-08,Supply,Web,Organic,1,1,1,0,0,0,0,0.0,2025-06,0,0,1,0,0,0,3
U11632,2025-03-23,Supply,Android,Organic,1,1,0,0,0,0,0,0.0,2025-03,0,1,1,0,0,0,2
U11633,2025-04-10,Demand,Android,Organic,1,1,1,0,0,0,0,0.0,2025-04,0,0,1,1,0,0,3
U11634,2025-01-02,Demand,Android,Social,1,1,0,0,0,0,0,0.0,2025-01,0,1,1,0,0,0,2
U11635,2025-03-18,Supply,Android,Organic,1,1,1,0,0,0,0,0.0,2025-03,0,0,1,0,0,0,3
U11636,2025-01-12,Supply,Android,Organic,1,1,0,1,0,0,0,0.0,2025-01,0,1,0,1,0,0,3
U11637,2025-02-08,Demand,Android,Partner,1,0,0,0,0,0,0,0.0,2025-02,1,0,0,0,0,0,1
U11638,2025-01-13,Demand,Web,Organic,1,1,1,0,0,0,0,0.0,2025-01,0,0,1,1,0,0,3
U11639,2025-02-15,Demand,Web,Social,1,0,0,0,0,0,0,0.0,2025-02,1,0,0,0,0,0,1
U11640,2025-06-04,Demand,Ios,Referral,1,0,0,0,0,0,0,0.0,2025-06,1,0,0,0,0,0,1
U11641,2025-04-23,Supply,Android,Social,1,1,1,1,1,1,1,3696.0,2025-04,0,0,0,0,0,0,7
U11642,2025-01-17,Demand,Android,Paid Search,1,1,0,0,0,0,0,0.0,2025-01,0,1,1,0,0,0,2
U11643,2025-04-14,Demand,Android,Partner,1,1,1,0,1,1,1,3847.0,2025-04,0,0,1,0,0,0,6
U11644,2025-04-08,Supply,Ios,Partner,1,1,1,1,0,0,0,0.0,2025-04,0,0,0,1,0,0,4
U11645,2025-03-29,Demand,Web,Organic,1,1,1,0,0,0,0,0.0,2025-03,0,0,1,1,0,0,3
U11646,2025-04-19,Demand,Android,Organic,1,1,1,0,0,0,0,0.0,2025-04,0,0,1,1,0,0,3
U11647,2025-06-12,Supply,Android,Organic,1,1,0,1,1,0,0,0.0,2025-06,0,1,0,0,1,0,4
U11648,2025-03-11,Demand,Ios,Paid Search,1,0,0,0,0,0,0,0.0,2025-03,1,0,0,0,0,0,1
U11649,2025-06-07,Demand,Android,Partner,1,1,1,0,0,0,0,0.0,2025-06,0,0,1,1,0,0,3
U11650,2025-03-15,Demand,Android,Referral,1,1,1,0,1,1,1,4760.0,2025-03,0,0,1,0,0,0,6
U11651,2025-03-04,Supply,Ios,Paid Search,1,1,1,1,0,0,0,0.0,2025-03,0,0,0,1,0,0,4
U11652,2025-06-05,Supply,Ios,Organic,1,1,0,1,1,1,1,4383.0,2025-06,0,1,0,0,0,0,6
U11653,2025-03-01,Demand,Android,Social,1,1,1,0,1,1,1,3440.0,2025-03,0,0,1,0,0,0,6
U11654,2025-03-20,Supply,Android,Partner,1,1,1,1,0,0,0,0.0,2025-03,0,0,0,1,0,0,4
U11655,2025-02-06,Demand,Web,Organic,1,1,1,1,0,0,0,0.0,2025-02,0,0,0,1,0,0,4
U11656,2025-01-22,Demand,Android,Paid Search,1,0,0,0,0,0,0,0.0,2025-01,1,0,0,0,0,0,1
U11657,2025-05-28,Supply,Android,Organic,1,1,1,0,0,0,0,0.0,2025-05,0,0,1,0,0,0,3
U11658,2025-04-06,Demand,Android,Paid Search,1,0,0,0,0,0,0,0.0,2025-04,1,0,0,0,0,0,1
U11659,2025-03-09,Demand,Android,Paid Search,1,1,1,0,0,0,0,0.0,2025-03,0,0,1,1,0,0,3
U11660,2025-01-17,Supply,Android,Organic,1,1,1,1,0,0,0,0.0,2025-01,0,0,0,1,0,0,4
U11661,2025-01-12,Demand,Web,Referral,1,1,1,0,1,0,0,0.0,2025-01,0,0,1,0,1,0,4
U11662,2025-05-30,Demand,Android,Referral,1,0,0,0,0,0,0,0.0,2025-05,1,0,0,0,0,0,1
U11663,2025-05-25,Demand,Android,Paid Search,1,1,1,0,1,1,1,4625.0,2025-05,0,0,1,0,0,0,6
U11664,2025-05-18,Demand,Ios,Paid Search,1,0,0,0,0,0,0,0.0,2025-05,1,0,0,0,0,0,1
U11665,2025-04-28,Demand,Ios,Organic,1,1,1,0,1,1,1,2040.0,2025-04,0,0,1,0,0,0,6
U11666,2025-01-22,Demand,Web,Social,1,1,1,1,1,1,1,1074.0,2025-01,0,0,0,0,0,0,7
U11667,2025-04-30,Demand,Web,Social,1,1,1,1,1,0,0,0.0,2025-04,0,0,0,0,1,0,5
U11668,2025-02-19,Demand,Android,Referral,1,1,1,0,1,0,0,0.0,2025-02,0,0,1,0,1,0,4
U11669,2025-01-14,Demand,Ios,Organic,1,1,1,1,0,0,0,0.0,2025-01,0,0,0,1,0,0,4
U11670,2025-06-24,Supply,Android,Social,1,1,1,1,1,0,0,0.0,2025-06,0,0,0,0,1,0,5
U11671,2025-01-29,Demand,Web,Partner,1,1,0,1,0,0,0,0.0,2025-01,0,1,0,0,0,0,3
U11672,2025-06-13,Supply,Ios,Organic,1,1,1,0,0,0,0,0.0,2025-06,0,0,1,0,0,0,3
U11673,2025-06-29,Supply,Web,Referral,1,1,1,0,0,0,0,0.0,2025-06,0,0,1,0,0,0,3
U11674,2025-05-05,Supply,Ios,Organic,1,1,0,1,1,0,0,0.0,2025-05,0,1,0,0,1,0,4
U11675,2025-01-07,Demand,Android,Paid Search,1,1,1,0,0,0,0,0.0,2025-01,0,0,1,1,0,0,3
U11676,2025-01-29,Demand,Ios,Organic,1,1,0,0,0,0,0,0.0,2025-01,0,1,1,0,0,0,2
U11677,2025-05-19,Demand,Web,Referral,1,1,1,0,1,1,0,1282.0,2025-05,0,0,1,0,0,1,5
U11678,2025-02-02,Demand,Web,Paid Search,1,1,1,1,1,1,1,4667.0,2025-02,0,0,0,0,0,0,7
U11679,2025-05-14,Demand,Android,Paid Search,1,1,1,0,1,1,0,719.0,2025-05,0,0,1,0,0,1,5
U11680,2025-04-21,Demand,Ios,Referral,1,1,1,0,0,0,0,0.0,2025-04,0,0,1,1,0,0,3
U11681,2025-03-20,Demand,Android,Referral,1,1,1,0,1,1,1,789.0,2025-03,0,0,1,0,0,0,6
U11682,2025-06-09,Supply,Android,Paid Search,1,1,0,1,1,0,0,0.0,2025-06,0,1,0,0,1,0,4
U11683,2025-06-28,Supply,Android,Organic,1,1,0,1,0,0,0,0.0,2025-06,0,1,0,1,0,0,3
U11684,2025-02-27,Demand,Android,Organic,1,1,1,0,0,0,0,0.0,2025-02,0,0,1,1,0,0,3
U11685,2025-01-26,Demand,Web,Partner,1,1,1,0,0,0,0,0.0,2025-01,0,0,1,1,0,0,3
U11686,2025-06-23,Supply,Android,Organic,1,1,0,1,0,0,0,0.0,2025-06,0,1,0,1,0,0,3
U11687,2025-01-29,Supply,Web,Social,1,1,0,0,0,0,0,0.0,2025-01,0,1,1,0,0,0,2
U11688,2025-01-04,Demand,Android,Partner,1,1,1,0,1,1,1,565.0,2025-01,0,0,1,0,0,0,6
U11689,2025-04-09,Supply,Android,Organic,1,1,0,0,0,0,0,0.0,2025-04,0,1,1,0,0,0,2
U11690,2025-05-21,Demand,Android,Referral,1,1,1,0,0,0,0,0.0,2025-05,0,0,1,1,0,0,3
U11691,2025-02-08,Demand,Android,Paid Search,1,1,1,0,0,0,0,0.0,2025-02,0,0,1,1,0,0,3
U11692,2025-01-15,Supply,Android,Partner,1,1,1,1,0,0,0,0.0,2025-01,0,0,0,1,0,0,4
U11693,2025-04-29,Supply,Android,Partner,1,1,0,1,1,1,1,4419.0,2025-04,0,1,0,0,0,0,6
U11694,2025-01-29,Demand,Ios,Social,1,1,1,0,1,1,1,1277.0,2025-01,0,0,1,0,0,0,6
U11695,2025-06-06,Demand,Android,Organic,1,0,0,0,0,0,0,0.0,2025-06,1,0,0,0,0,0,1
U11696,2025-03-16,Demand,Android,Paid Search,1,1,1,0,1,1,1,2403.0,2025-03,0,0,1,0,0,0,6
U11697,2025-04-26,Demand,Android,Referral,1,1,1,0,1,1,1,3261.0,2025-04,0,0,1,0,0,0,6
U11698,2025-02-01,Supply,Web,Referral,1,0,0,0,0,0,0,0.0,2025-02,1,0,0,0,0,0,1
U11699,2025-05-10,Demand,Web,Organic,1,1,0,0,0,0,0,0.0,2025-05,0,1,1,0,0,0,2
U11700,2025-06-24,Demand,Ios,Organic,1,1,1,0,0,0,0,0.0,2025-06,0,0,1,1,0,0,3
U11701,2025-03-25,Demand,Android,Social,1,1,1,1,0,0,0,0.0,2025-03,0,0,0,1,0,0,4
U11702,2025-01-22,Supply,Android,Referral,1,1,1,1,1,1,1,1485.0,2025-01,0,0,0,0,0,0,7
U11703,2025-01-27,Demand,Web,Referral,1,1,1,0,1,1,1,1985.0,2025-01,0,0,1,0,0,0,6
U11704,2025-03-22,Demand,Android,Referral,1,0,0,0,0,0,0,0.0,2025-03,1,0,0,0,0,0,1
U11705,2025-05-06,Supply,Android,Social,1,1,1,1,0,0,0,0.0,2025-05,0,0,0,1,0,0,4
U11706,2025-04-02,Supply,Android,Social,1,1,0,0,0,0,0,0.0,2025-04,0,1,1,0,0,0,2
U11707,2025-01-21,Demand,Android,Organic,1,1,0,0,0,0,0,0.0,2025-01,0,1,1,0,0,0,2
U11708,2025-02-16,Supply,Android,Organic,1,1,1,0,0,0,0,0.0,2025-02,0,0,1,0,0,0,3
U11709,2025-04-11,Supply,Web,Organic,1,1,1,1,0,0,0,0.0,2025-04,0,0,0,1,0,0,4
U11710,2025-03-25,Supply,Android,Partner,1,0,0,0,0,0,0,0.0,2025-03,1,0,0,0,0,0,1
U11711,2025-01-06,Demand,Ios,Paid Search,1,0,0,0,0,0,0,0.0,2025-01,1,0,0,0,0,0,1
U11712,2025-05-27,Demand,Android,Paid Search,1,1,1,0,0,0,0,0.0,2025-05,0,0,1,1,0,0,3
U11713,2025-05-11,Demand,Android,Paid Search,1,0,0,0,0,0,0,0.0,2025-05,1,0,0,0,0,0,1
U11714,2025-01-01,Supply,Web,Referral,1,1,0,1,0,0,0,0.0,2025-01,0,1,0,1,0,0,3
U11715,2025-02-27,Demand,Android,Social,1,1,1,0,1,0,0,0.0,2025-02,0,0,1,0,1,0,4
U11716,2025-05-04,Demand,Web,Paid Search,1,1,1,0,0,0,0,0.0,2025-05,0,0,1,1,0,0,3
U11717,2025-06-15,Demand,Ios,Organic,1,1,1,1,1,1,1,1036.0,2025-06,0,0,0,0,0,0,7
U11718,2025-01-15,Demand,Android,Organic,1,1,1,0,1,0,0,0.0,2025-01,0,0,1,0,1,0,4
U11719,2025-06-11,Supply,Web,Paid Search,1,1,0,0,0,0,0,0.0,2025-06,0,1,1,0,0,0,2
U11720,2025-06-12,Demand,Android,Partner,1,1,1,0,1,1,1,2471.0,2025-06,0,0,1,0,0,0,6
U11721,2025-03-05,Supply,Web,Referral,1,1,1,0,0,0,0,0.0,2025-03,0,0,1,0,0,0,3
U11722,2025-01-25,Demand,Android,Social,1,1,0,1,0,0,0,0.0,2025-01,0,1,0,0,0,0,3
U11723,2025-01-24,Supply,Web,Social,1,0,0,0,0,0,0,0.0,2025-01,1,0,0,0,0,0,1
U11724,2025-01-12,Supply,Android,Organic,1,1,0,0,0,0,0,0.0,2025-01,0,1,1,0,0,0,2
U11725,2025-01-18,Supply,Ios,Organic,1,1,1,0,0,0,0,0.0,2025-01,0,0,1,0,0,0,3
U11726,2025-01-15,Demand,Ios,Organic,1,1,0,0,0,0,0,0.0,2025-01,0,1,1,0,0,0,2
U11727,2025-01-27,Supply,Web,Social,1,1,1,1,1,1,0,4359.0,2025-01,0,0,0,0,0,1,6
U11728,2025-03-13,Demand,Web,Organic,1,1,1,0,1,1,1,1413.0,2025-03,0,0,1,0,0,0,6
U11729,2025-03-01,Supply,Web,Referral,1,1,0,0,0,0,0,0.0,2025-03,0,1,1,0,0,0,2
U11730,2025-06-23,Supply,Web,Paid Search,1,1,1,1,0,0,0,0.0,2025-06,0,0,0,1,0,0,4
U11731,2025-05-25,Demand,Android,Social,1,1,1,0,1,1,1,2023.0,2025-05,0,0,1,0,0,0,6
U11732,2025-04-03,Supply,Android,Organic,1,1,1,1,1,1,0,2249.0,2025-04,0,0,0,0,0,1,6
U11733,2025-02-22,Supply,Android,Referral,1,1,1,1,1,0,0,0.0,2025-02,0,0,0,0,1,0,5
U11734,2025-01-08,Demand,Android,Paid Search,1,1,0,1,0,0,0,0.0,2025-01,0,1,0,0,0,0,3
U11735,2025-03-20,Supply,Android,Paid Search,1,1,0,0,0,0,0,0.0,2025-03,0,1,1,0,0,0,2
U11736,2025-01-27,Supply,Ios,Social,1,1,0,1,0,0,0,0.0,2025-01,0,1,0,1,0,0,3
U11737,2025-06-23,Supply,Android,Organic,1,1,1,1,1,1,1,3802.0,2025-06,0,0,0,0,0,0,7
U11738,2025-02-19,Demand,Ios,Social,1,1,1,0,1,1,1,1303.0,2025-02,0,0,1,0,0,0,6
U11739,2025-05-11,Demand,Android,Paid Search,1,0,0,0,0,0,0,0.0,2025-05,1,0,0,0,0,0,1
U11740,2025-04-03,Demand,Android,Paid Search,1,1,1,0,1,0,0,0.0,2025-04,0,0,1,0,1,0,4
U11741,2025-06-21,Demand,Ios,Paid Search,1,1,1,0,1,1,1,3998.0,2025-06,0,0,1,0,0,0,6
U11742,2025-01-24,Supply,Web,Referral,1,1,0,1,1,1,0,3662.0,2025-01,0,1,0,0,0,1,5
U11743,2025-03-01,Supply,Ios,Organic,1,1,0,1,1,1,0,614.0,2025-03,0,1,0,0,0,1,5
U11744,2025-05-02,Demand,Ios,Paid Search,1,1,0,0,0,0,0,0.0,2025-05,0,1,1,0,0,0,2
U11745,2025-05-11,Supply,Android,Paid Search,1,0,0,0,0,0,0,0.0,2025-05,1,0,0,0,0,0,1
U11746,2025-05-28,Supply,Ios,Paid Search,1,0,0,0,0,0,0,0.0,2025-05,1,0,0,0,0,0,1
U11747,2025-02-15,Supply,Android,Referral,1,1,1,1,0,0,0,0.0,2025-02,0,0,0,1,0,0,4
U11748,2025-01-15,Supply,Android,Partner,1,1,1,1,0,0,0,0.0,2025-01,0,0,0,1,0,0,4
U11749,2025-06-02,Demand,Android,Paid Search,1,1,1,1,0,0,0,0.0,2025-06,0,0,0,1,0,0,4
U11750,2025-01-17,Supply,Android,Organic,1,1,1,1,1,0,0,0.0,2025-01,0,0,0,0,1,0,5
U11751,2025-05-06,Demand,Android,Referral,1,1,1,0,0,0,0,0.0,2025-05,0,0,1,1,0,0,3
U11752,2025-03-25,Supply,Web,Social,1,1,1,1,1,1,1,956.0,2025-03,0,0,0,0,0,0,7
U11753,2025-01-09,Demand,Web,Social,1,1,1,0,1,1,1,948.0,2025-01,0,0,1,0,0,0,6
U11754,2025-06-15,Supply,Android,Paid Search,1,1,0,0,0,0,0,0.0,2025-06,0,1,1,0,0,0,2
U11755,2025-06-25,Supply,Android,Partner,1,1,0,1,1,1,1,4589.0,2025-06,0,1,0,0,0,0,6
U11756,2025-03-04,Demand,Android,Organic,1,1,1,0,1,1,1,2362.0,2025-03,0,0,1,0,0,0,6
U11757,2025-04-27,Demand,Android,Referral,1,1,0,0,0,0,0,0.0,2025-04,0,1,1,0,0,0,2
U11758,2025-05-10,Supply,Web,Partner,1,1,0,1,0,0,0,0.0,2025-05,0,1,0,1,0,0,3
U11759,2025-03-29,Supply,Android,Partner,1,0,0,0,0,0,0,0.0,2025-03,1,0,0,0,0,0,1
U11760,2025-03-13,Supply,Ios,Paid Search,1,1,1,0,0,0,0,0.0,2025-03,0,0,1,0,0,0,3
U11761,2025-05-19,Supply,Android,Social,1,1,0,1,1,1,1,1767.0,2025-05,0,1,0,0,0,0,6
U11762,2025-03-05,Supply,Web,Organic,1,1,1,1,1,1,0,4510.0,2025-03,0,0,0,0,0,1,6
U11763,2025-03-13,Demand,Android,Social,1,1,1,0,1,1,1,1542.0,2025-03,0,0,1,0,0,0,6
U11764,2025-01-21,Supply,Ios,Referral,1,1,0,1,0,0,0,0.0,2025-01,0,1,0,1,0,0,3
U11765,2025-01-18,Supply,Android,Organic,1,1,0,0,0,0,0,0.0,2025-01,0,1,1,0,0,0,2
U11766,2025-03-05,Demand,Ios,Organic,1,0,0,0,0,0,0,0.0,2025-03,1,0,0,0,0,0,1
U11767,2025-03-23,Demand,Android,Referral,1,1,1,0,0,0,0,0.0,2025-03,0,0,1,1,0,0,3
U11768,2025-04-20,Demand,Android,Organic,1,1,1,0,1,1,0,558.0,2025-04,0,0,1,0,0,1,5
U11769,2025-04-05,Supply,Web,Referral,1,1,0,1,0,0,0,0.0,2025-04,0,1,0,1,0,0,3
U11770,2025-06-15,Supply,Web,Organic,1,0,0,0,0,0,0,0.0,2025-06,1,0,0,0,0,0,1
U11771,2025-02-01,Demand,Web,Referral,1,1,1,0,1,1,1,1285.0,2025-02,0,0,1,0,0,0,6
U11772,2025-01-11,Supply,Ios,Paid Search,1,0,0,0,0,0,0,0.0,2025-01,1,0,0,0,0,0,1
U11773,2025-02-14,Supply,Web,Referral,1,0,0,0,0,0,0,0.0,2025-02,1,0,0,0,0,0,1
U11774,2025-02-02,Demand,Android,Referral,1,1,1,0,1,1,1,2946.0,2025-02,0,0,1,0,0,0,6
U11775,2025-04-12,Demand,Android,Social,1,0,0,0,0,0,0,0.0,2025-04,1,0,0,0,0,0,1
U11776,2025-06-18,Demand,Android,Partner,1,0,0,0,0,0,0,0.0,2025-06,1,0,0,0,0,0,1
U11777,2025-05-16,Supply,Ios,Social,1,1,0,1,0,0,0,0.0,2025-05,0,1,0,1,0,0,3
U11778,2025-01-11,Supply,Android,Referral,1,1,0,1,0,0,0,0.0,2025-01,0,1,0,1,0,0,3
U11779,2025-06-28,Demand,Android,Social,1,1,1,1,1,1,1,996.0,2025-06,0,0,0,0,0,0,7
U11780,2025-03-29,Supply,Ios,Organic,1,1,0,0,0,0,0,0.0,2025-03,0,1,1,0,0,0,2
U11781,2025-02-10,Demand,Web,Organic,1,1,1,0,1,1,1,3365.0,2025-02,0,0,1,0,0,0,6
U11782,2025-05-25,Demand,Android,Referral,1,1,1,0,0,0,0,0.0,2025-05,0,0,1,1,0,0,3
U11783,2025-03-17,Demand,Android,Social,1,1,1,0,1,1,1,1522.0,2025-03,0,0,1,0,0,0,6
U11784,2025-05-01,Supply,Android,Organic,1,1,1,1,0,0,0,0.0,2025-05,0,0,0,1,0,0,4
U11785,2025-02-15,Supply,Android,Organic,1,1,0,0,0,0,0,0.0,2025-02,0,1,1,0,0,0,2
U11786,2025-06-09,Demand,Android,Organic,1,0,0,0,0,0,0,0.0,2025-06,1,0,0,0,0,0,1
U11787,2025-03-21,Demand,Ios,Social,1,1,1,1,1,0,0,0.0,2025-03,0,0,0,0,1,0,5
U11788,2025-02-23,Demand,Ios,Paid Search,1,1,1,0,1,1,1,4932.0,2025-02,0,0,1,0,0,0,6
U11789,2025-03-27,Supply,Ios,Organic,1,1,1,1,1,1,0,3889.0,2025-03,0,0,0,0,0,1,6
U11790,2025-04-02,Supply,Android,Paid Search,1,1,0,1,0,0,0,0.0,2025-04,0,1,0,1,0,0,3
U11791,2025-05-28,Demand,Web,Paid Search,1,0,0,0,0,0,0,0.0,2025-05,1,0,0,0,0,0,1
U11792,2025-06-10,Demand,Android,Paid Search,1,1,1,0,1,0,0,0.0,2025-06,0,0,1,0,1,0,4
U11793,2025-06-17,Demand,Android,Organic,1,1,1,0,1,1,0,3628.0,2025-06,0,0,1,0,0,1,5
U11794,2025-06-09,Supply,Web,Social,1,0,0,0,0,0,0,0.0,2025-06,1,0,0,0,0,0,1
U11795,2025-04-07,Demand,Android,Referral,1,0,0,0,0,0,0,0.0,2025-04,1,0,0,0,0,0,1
U11796,2025-01-02,Demand,Android,Paid Search,1,1,1,0,1,0,0,0.0,2025-01,0,0,1,0,1,0,4
U11797,2025-02-02,Demand,Web,Organic,1,1,1,0,0,0,0,0.0,2025-02,0,0,1,1,0,0,3
U11798,2025-06-07,Supply,Android,Referral,1,1,0,1,0,0,0,0.0,2025-06,0,1,0,1,0,0,3
U11799,2025-06-10,Supply,Ios,Referral,1,1,0,1,1,1,1,1303.0,2025-06,0,1,0,0,0,0,6
U11800,2025-03-18,Demand,Android,Paid Search,1,1,1,0,1,1,1,4861.0,2025-03,0,0,1,0,0,0,6
